eta,theta_i_deg,cos_i,J_perp,J_parallel,det
0.67,5.729577951308232e-05,0.9999999999995,0.67,0.6699999999998154,0.44889999999987634
0.67,0.30075944529195625,0.9999862227578203,0.67,0.6699949128852368,0.4488965916331087
0.67,0.6014615948043993,0.9999449019086987,0.67,0.669979654991267,0.44888636884414895
0.67,0.9021637443168427,0.9998760385902757,0.67,0.669954225040271,0.44886933077698166
0.67,1.2028658938292858,0.9997796346993221,0.67,0.669918620902889,0.4488454760049357
0.67,1.5035680433417289,0.999655692891185,0.67,0.6698728395979221,0.44881480253060785
0.67,1.804270192854172,0.9995042165797162,0.67,0.6698168772921718,0.4487773077857551
0.67,2.104972342366615,0.9993252099371772,0.67,0.6697507293002353,0.44873298863115774
0.67,2.4056744918790582,0.9991186778941246,0.67,0.669674390084254,0.44868184135645023
0.67,2.7063766413915014,0.9988846261392743,0.67,0.6695878532536189,0.44862386167992474
0.67,3.0070787909039445,0.9986230611193446,0.67,0.669491111564629,0.44855904474830155
0.67,3.3077809404163876,0.9983339900388793,0.67,0.6693841569201078,0.4484873851364723
0.67,3.608483089928831,0.9980174208600483,0.67,0.6692669803689745,0.44840887684721287
0.67,3.909185239441274,0.9976733623024289,0.67,0.6691395721057716,0.448323513310867
0.67,4.209887388953717,0.9973018238427656,0.67,0.6690019214701514,0.4482312873850014
0.67,4.51058953846616,0.9969028157147086,0.67,0.6688540169463171,0.4481321913540325
0.67,4.811291687978604,0.996476348908533,0.67,0.6686958461624257,0.4480262169288252
0.67,5.111993837491047,0.9960224351708346,0.67,0.6685273958899464,0.4479133552462641
0.67,5.41269598700349,0.9955410870042076,0.67,0.668348652042981,0.44779359686879733
0.67,5.713398136515933,0.9950323176668996,0.67,0.6681595996775439,0.4476669317839545
0.67,6.014100286028376,0.9944961411724464,0.67,0.6679602229908028,0.44753334940383793
0.67,6.31480243554082,0.9939325722892867,0.67,0.6677505053202821,0.44739283856458906
0.67,6.615504585053262,0.9933416265403541,0.67,0.6675304291430288,0.44724538752582943
0.67,6.916206734565706,0.9927233202026507,0.67,0.6672999760747433,0.4470909839700781
0.67,7.216908884078149,0.9920776703067983,0.67,0.6670591268688734,0.4469296150021452
0.67,7.517611033590592,0.991404694636569,0.67,0.6668078614156759,0.44676126714850295
0.67,7.818313183103035,0.9907044117283961,0.67,0.6665461587412455,0.44658592635663447
0.67,8.11901533261548,0.9899768408708626,0.67,0.6662739970065101,0.4464035779943618
0.67,8.419717482127922,0.9892220021041708,0.67,0.6659913535061984,0.44621420684915303
0.67,8.720419631640365,0.9884399162195897,0.67,0.6656982046677773,0.4460177971274108
0.67,9.021121781152807,0.987630604758883,0.67,0.6653945260503604,0.4458143324537415
0.67,9.321823930665252,0.9867940900137147,0.67,0.665080292343593,0.4456037958702073
0.67,9.622526080177694,0.985930395025036,0.67,0.66475547736651,0.4453861698355618
0.67,9.923228229690137,0.9850395435824506,0.67,0.6644200540663725,0.4451614362244696
0.67,10.223930379202582,0.9841215602235588,0.67,0.6640739945174814,0.4449295763267126
0.67,10.524632528715024,0.9831764702332823,0.67,0.6637172699199725,0.4446905708463816
0.67,10.825334678227467,0.9822042996431672,0.67,0.6633498505985932,0.4444443999010575
0.67,11.12603682773991,0.9812050752306679,0.67,0.6629717060014628,0.4441910430209801
0.67,11.426738977252354,0.9801788245184084,0.67,0.6625828046988187,0.44393047914820855
0.67,11.727441126764797,0.9791255757734248,0.67,0.6621831143817511,0.4436626866357733
0.67,12.02814327627724,0.9780453580063869,0.67,0.6617726018609266,0.4433876432468209
0.67,12.328845425789682,0.9769382009707986,0.67,0.6613512330653042,0.4431053261537538
0.67,12.629547575302125,0.975804135162179,0.67,0.6609189730408457,0.4428157119373667
0.67,12.930249724814567,0.9746431918172217,0.67,0.6604757859492221,0.4425187765859788
0.67,13.23095187432701,0.9734554029129352,0.67,0.6600216350665201,0.44221449549456854
0.67,13.531654023839454,0.9722408011657613,0.67,0.659556482781948,0.4419028434639052
0.67,13.832356173351897,0.9709994200306749,0.67,0.6590802905965474,0.44158379469968684
0.67,14.13305832286434,0.9697312937002616,0.67,0.6585930191219108,0.4412573228116803
0.67,14.433760472376783,0.9684364571037765,0.67,0.6580946280789074,0.440923400812868
0.67,14.734462621889225,0.9671149459061819,0.67,0.657585076296423,0.4405820011186035
0.67,15.035164771401668,0.9657667965071649,0.67,0.6570643217101135,0.4402330955457761
0.67,15.33586692091411,0.964392046040135,0.67,0.6565323213611761,0.43987665531198805
0.67,15.636569070426553,0.9629907323712009,0.67,0.6559890313951431,0.4395126510347459
0.67,15.937271219938998,0.9615628940981282,0.67,0.6554344070606981,0.4391410527306678
0.67,16.237973369451442,0.9601085705492755,0.67,0.6548684027085215,0.43876182981470946
0.67,16.538675518963885,0.9586278017825116,0.67,0.6542909717901655,0.43837495109941094
0.67,16.839377668476327,0.9571206285841121,0.67,0.6537020668569644,0.4379803847941662
0.67,17.14007981798877,0.9555870924676358,0.67,0.6531016395589824,0.43757809850451823
0.67,17.440781967501213,0.9540272356727815,0.67,0.6524896406440037,0.43716805923148255
0.67,17.741484117013655,0.9524411011642243,0.67,0.651866019956568,0.43675023337090063
0.67,18.042186266526098,0.9508287326304324,0.67,0.6512307264370548,0.4363245867128268
0.67,18.342888416038544,0.9491901744824637,0.67,0.6505837081208222,0.4358910844409509
0.67,18.643590565550987,0.9475254718527423,0.67,0.649924912137403,0.43544969113206006
0.67,18.94429271506343,0.9458346705938155,0.67,0.6492542847097627,0.43500037075554104
0.67,19.244994864575872,0.9441178172770913,0.67,0.6485717711536239,0.43454308667292807
0.67,19.545697014088315,0.942374959191555,0.67,0.6478773158768623,0.43407780163749776
0.67,19.846399163600758,0.9406061443424668,0.67,0.6471708623789769,0.43360447779391453
0.67,20.1471013131132,0.9388114214500399,0.67,0.6464523532506421,0.43312307667793026
0.67,20.447803462625647,0.9369908399480981,0.67,0.6457217301733438,0.43263355921614044
0.67,20.74850561213809,0.9351444499827143,0.67,0.6449789339191074,0.4321358857258021
0.67,21.049207761650532,0.9332723024108299,0.67,0.6442239043503194,0.43163001591471406
0.67,21.349909911162975,0.9313744487988529,0.67,0.6434565804196513,0.4311159088811664
0.67,21.650612060675417,0.9294509414212385,0.67,0.64267690017009,0.4305935231139603
0.67,21.95131421018786,0.9275018332590487,0.67,0.6418848007350784,0.4300628164925026
0.67,22.252016359700303,0.9255271779984932,0.67,0.6410802183387764,0.4295237462869802
0.67,22.55271850921275,0.9235270300294506,0.67,0.6402630882964429,0.42897626915861675
0.67,22.85342065872519,0.9215014444439706,0.67,0.6394333450149496,0.4284203411600163
0.67,23.154122808237634,0.919450477034756,0.67,0.6385909219934295,0.42785591773559783
0.67,23.454824957750077,0.9173741842936263,0.67,0.637735751824068,0.42728295372212566
0.67,23.75552710726252,0.9152726234099614,0.67,0.6368677661930432,0.42670140334933904
0.67,24.056229256774962,0.9131458522691271,0.67,0.6359868958816217,0.4261112202406866
0.67,24.356931406287405,0.9109939294508799,0.67,0.6350930707674158,0.42551235741416865
0.67,24.65763355579985,0.9088169142277535,0.67,0.6341862198258122,0.42490476728329424
0.67,24.958335705312294,0.9066148665634268,0.67,0.6332662711315755,0.42428840165815557
0.67,25.259037854824737,0.904387847111072,0.67,0.632333151860636,0.4236632117466262
0.67,25.55974000433718,0.9021359172116837,0.67,0.6313867882920705,0.4230291481556873
0.67,25.860442153849622,0.8998591388923897,0.67,0.6304271058102807,0.4223861608928881
0.67,26.161144303362065,0.8975575748647421,0.67,0.6294540289073797,0.42173419936794443
0.67,26.461846452874507,0.8952312885229904,0.67,0.6284674811857932,0.42107321239448153
0.67,26.762548602386953,0.8928803439423353,0.67,0.6274673853610856,0.42040314819192737
0.67,27.063250751899396,0.8905048058771634,0.67,0.6264536632650158,0.4197239543875606
0.67,27.36395290141184,0.8881047397592642,0.67,0.6254262358488362,0.41903557801872027
0.67,27.66465505092428,0.8856802116960275,0.67,0.6243850231868393,0.4183379655351824
0.67,27.965357200436724,0.8832312884686225,0.67,0.6233299444801635,0.41763106280170964
0.67,28.266059349949167,0.8807580375301586,0.67,0.6222609180608669,0.4169148151007809
0.67,28.56676149946161,0.8782605270038273,0.67,0.6211778613962771,0.4161891671355057
0.67,28.86746364897406,0.8757388256810258,0.67,0.6200806910936287,0.4154540630327313
0.67,29.1681657984865,0.8731930030194625,0.67,0.6189693229049975,0.41470944634634843
0.67,29.468867947998945,0.8706231291412433,0.67,0.61784367173254,0.41395526006080186
0.67,29.769570097511384,0.868029274830941,0.67,0.6167036516340498,0.41319144659481344
0.67,30.07027224702383,0.8654115115336444,0.67,0.6155491758288427,0.41241794780532465
0.67,30.370974396536276,0.8627699113529917,0.67,0.6143801567039763,0.4116347049916642
0.67,30.671676546048715,0.8601045470491839,0.67,0.6131965058208214,0.41084165889995045
0.67,30.97237869556116,0.8574154920369803,0.67,0.6119981339219903,0.4100387497277336
0.67,31.2730808450736,0.8547028203836772,0.67,0.6107849509386365,0.40922591712888645
0.67,31.573782994586047,0.8519666068070669,0.67,0.6095568659981363,0.4084031002187514
0.67,31.874485144098486,0.8492069266733805,0.67,0.6083137874321644,0.4075702375795502
0.67,32.17518729361093,0.8464238559952115,0.67,0.6070556227851738,0.40672726726606645
0.67,32.47588944312338,0.8436174714294223,0.67,0.6057822788232935,0.4058741268116067
0.67,32.77659159263582,0.8407878502750327,0.67,0.6044936615436558,0.40501075323424945
0.67,33.077293742148264,0.8379350704710906,0.67,0.6031896761841652,0.4041370830433908
0.67,33.3779958916607,0.8350592105945259,0.67,0.6018702272337214,0.4032530522465934
0.67,33.67869804117315,0.8321603498579851,0.67,0.6005352184429097,0.4023585963567496
0.67,33.97940019068559,0.8292385681076506,0.67,0.5991845528351714,0.40145365039956493
0.67,34.280102340198034,0.8262939458210408,0.67,0.5978181327184675,0.40053814892137324
0.67,34.58080448971048,0.8233265641047932,0.67,0.5964358596974481,0.3996120259972903
0.67,34.88150663922292,0.8203365046924312,0.67,0.5950376346861431,0.39867521523971594
0.67,35.182208788735366,0.8173238499421122,0.67,0.5936233579211848,0.39772764980719394
0.67,35.482910938247805,0.814288682834359,0.67,0.5921929289755797,0.39676926241363847
0.67,35.78361308776025,0.8112310869697749,0.67,0.59074624677304,0.3957999853379368
0.67,36.08431523727269,0.8081511465667404,0.67,0.5892832096028915,0.3948197504339373
0.67,36.38501738678514,0.8050489464590935,0.67,0.5878037151355718,0.3938284891408331
0.67,36.68571953629758,0.8019245720937936,0.67,0.586307660438732,0.3928261324939505
0.67,36.98642168581002,0.7987781095285673,0.67,0.584794941993957,0.3918126111359513
0.67,37.28712383532247,0.7956096454295384,0.67,0.5832654557141207,0.39078785532846094
0.67,37.58782598483491,0.7924192670688406,0.67,0.581719096961388,0.38975179496413
0.67,37.888528134347354,0.7892070623222136,0.67,0.5801557605658816,0.38870435957914073
0.67,38.18923028385979,0.785973119666583,0.67,0.5785753408450264,0.3876454783661677
0.67,38.48993243337224,0.7827175281776231,0.67,0.5769777316235876,0.3865750801878037
0.67,38.790634582884685,0.7794403775273032,0.67,0.575362826254418,0.3854930935904602
0.67,39.091336732397124,0.7761417579814182,0.67,0.5737305176399297,0.3843994468187529
0.67,39.39203888190957,0.7728217603971013,0.67,0.5720806982543032,0.3832940678303832
0.67,39.69274103142201,0.7694804762203228,0.67,0.5704132601664557,0.38217688431152536
0.67,39.993443180934456,0.7661179974833704,0.67,0.5687280950637751,0.3810478236927293
0.67,40.294145330446895,0.7627344168023144,0.67,0.5670250942766435,0.37990681316535113
0.67,40.59484747995934,0.7593298273744568,0.67,0.5653041488037605,0.37875377969851953
0.67,40.89554962947179,0.7559043229757643,0.67,0.5635651493382832,0.37758865005664977
0.67,41.19625177898423,0.7524579979582853,0.67,0.5618079862948001,0.3764113508175162
0.67,41.49695392849667,0.7489909472475509,0.67,0.5600325498371516,0.37522180839089153
0.67,41.79765607800911,0.7455032663399607,0.67,0.558238729907113,0.37401994903776575
0.67,42.09835822752156,0.7419950513001518,0.67,0.5564264162539584,0.3728056988901522
0.67,42.399060377034,0.7384663987583536,0.67,0.5545954984649162,0.37157898397149386
0.67,42.699762526546444,0.7349174059077254,0.67,0.5527458659965333,0.3703397302176773
0.67,43.00046467605889,0.7313481705016799,0.67,0.5508774082069646,0.36908786349866635
0.67,43.30116682557133,0.7277587908511906,0.67,0.5489900143891997,0.3678233096407638
0.67,43.601868975083775,0.7241493658220834,0.67,0.5470835738052418,0.366545994449512
0.67,43.902571124596214,0.7205199948323143,0.67,0.545157975721256,0.36525584373324155
0.67,44.20327327410866,0.7168707778492303,0.67,0.5432131094436974,0.3639527833272773
0.67,44.5039754236211,0.7132018153868163,0.67,0.541248864356435,0.3626367391188115
0.67,44.804677573133546,0.7095132085029262,0.67,0.5392651299588845,0.3613076370724527
0.67,45.10537972264598,0.7058050587965001,0.67,0.5372617959051633,0.3599654032564595
0.67,45.406081872158424,0.7020774684047647,0.67,0.5352387520442793,0.35860996386966715
0.67,45.70678402167086,0.6983305400004213,0.67,0.5331958884613691,0.3572412452691174
0.67,46.00748617118331,0.6945643767888164,0.67,0.5311330955199941,0.3558591739983961
0.67,46.30818832069575,0.6907790825051008,0.67,0.5290502639055081,0.3544636768166905
0.67,46.608890470208195,0.6869747614113704,0.67,0.5269472846695074,0.35305468072857005
0.67,46.909592619720634,0.6831515182937958,0.67,0.5248240492753733,0.35163211301450015
0.67,47.21029476923308,0.6793094584597353,0.67,0.5226804496449179,0.35019590126209504
0.67,47.510996918745526,0.6754486877348349,0.67,0.520516378206142,0.3487459733981152
0.67,47.811699068257965,0.6715693124601129,0.67,0.5183317279421142,0.34728225772121657
0.67,48.11240121777041,0.667671439489031,0.67,0.5161263924409791,0.3458046829354561
0.67,48.41310336728285,0.6637551761845515,0.67,0.513900265947103,0.34431317818455903
0.67,48.7138055167953,0.6598206304161794,0.67,0.5116532434133615,0.3428076730869522
0.67,49.014507666307736,0.6558679105569923,0.67,0.5093852205545784,0.3412880977715675
0.67,49.31520981582018,0.6518971254806539,0.67,0.5070960939021164,0.339754382914418
0.67,49.61591196533263,0.6479083845584167,0.67,0.5047857608596295,0.3382064597759518
0.67,49.91661411484507,0.6439017976561084,0.67,0.5024541197599734,0.33664426023918226
0.67,50.217316264357514,0.6398774751311062,0.67,0.5001010699232824,0.33506771684859926
0.67,50.51801841386995,0.6358355278292972,0.67,0.49772651171621074,0.3334767628498613
0.67,50.8187205633824,0.6317760670820248,0.67,0.495330346612338,0.33187133223026644
0.67,51.11942271289484,0.627699204703023,0.67,0.49291247725374027,0.330251359760006
0.67,51.420124862407285,0.6236050529853358,0.67,0.49047280751372263,0.3286167810341942
0.67,51.72082701191973,0.6194937246982243,0.67,0.48801124256070927,0.32696753251567523
0.67,52.02152916143217,0.6153653330840614,0.67,0.48552768892328974,0.3253035515786042
0.67,52.322231310944616,0.6112199918552116,0.67,0.48302205455641034,0.323624776552795
0.67,52.622933460457055,0.6070578151908995,0.67,0.48049424890870784,0.3219311467688343
0.67,52.9236356099695,0.6028789177340648,0.67,0.4779441829909745,0.32022260260395297
0.67,53.22433775948194,0.5986834145882043,0.67,0.47537176944574405,0.3184990855286486
0.67,53.52503990899439,0.5944714213142017,0.67,0.4727769226179869,0.3167605381540513
0.67,53.82574205850683,0.5902430539271447,0.67,0.4701595586269024,0.31500690428002465
0.67,54.12644420801927,0.5859984288931296,0.67,0.46751959543879096,0.31323812894399
0.67,54.42714635753172,0.5817376631260524,0.67,0.4648569529409902,0.3114541584704635
0.67,54.72784850704416,0.5774608739843899,0.67,0.4621715530168587,0.30965494052129533
0.67,55.028550656556604,0.5731681792679663,0.67,0.4594633196217817,0.3078404241465938
0.67,55.32925280606904,0.5688596972147087,0.67,0.45673217886018325,0.30601055983632286
0.67,55.62995495558149,0.5645355464973904,0.67,0.453978059063515,0.30416529957255506
0.67,55.930657105093935,0.5601958462203621,0.67,0.45120089086919923,0.3023045968823635
0.67,56.231359254606375,0.5558407159162717,0.67,0.44840060730049636,0.3004284068913326
0.67,56.53206140411882,0.5514702755427712,0.67,0.44557714384726743,0.2985366863776692
0.67,56.83276355363126,0.5470846454792132,0.67,0.4427304385475997,0.29662939382689185
0.67,57.133465703143706,0.5426839465233346,0.67,0.4398604320702597,0.294706489487074
0.67,57.434167852656145,0.5382682998879301,0.67,0.436967067797939,0.2927679354246192
0.67,57.7348700021686,0.5338378271975127,0.67,0.4340502919112536,0.29081369558053993
0.67,58.03557215168104,0.5293926504849645,0.67,0.4311100534734543,0.2888437358272144
0.67,58.33627430119348,0.5249328921881747,0.67,0.4281463045158071,0.2868580240255908
0.67,58.636976450705916,0.5204586751466673,0.67,0.42515900012359636,0.2848565300828096
0.67,58.937678600218355,0.5159701225982182,0.67,0.4221480985227044,0.28283922601021194
0.67,59.23838074973081,0.5114673581754596,0.67,0.4191135611667148,0.2808060859816989
0.67,59.53908289924325,0.5069505059024765,0.67,0.4160553528244893,0.27875708639240787
0.67,59.8397850487557,0.5024196901913884,0.67,0.41297344166816125,0.2766922059176681
0.67,60.14048719826814,0.4978750358389244,0.67,0.4098677993614882,0.27461142557219714
0.67,60.44118934778058,0.4933166680229843,0.67,0.4067384011485044,0.272514728769498
0.67,60.74189149729302,0.48874471229919164,0.67,0.4035852259424098,0.2704021013814146
0.67,61.04259364680546,0.48415929459743506,0.67,0.4004082564146303,0.26827353179780233
0.67,61.34329579631791,0.4795605412183996,0.67,0.39720747908398235,0.26612901098626823
0.67,61.64399794583035,0.47494857883008856,0.67,0.3939828844058715,0.2639685325519339
0.67,61.944700095342796,0.47032353446433334,0.67,0.39073446686145097,0.2617920927971722
0.67,62.24540224485524,0.4656855355132957,0.67,0.38746222504666805,0.2595996907812676
0.67,62.54610439436768,0.46103470972595806,0.67,0.38416616176111756,0.2573913283799488
0.67,62.84680654388012,0.456371185204605,0.67,0.3808462840966249,0.25516701034473865
0.67,63.14750869339256,0.45169509040129496,0.67,0.37750260352547443,0.2529267443620679
0.67,63.44821084290501,0.44700655411432183,0.67,0.37413513598820025,0.2506705411120942
0.67,63.74891299241745,0.44230570548466824,0.67,0.3707439019808505,0.2483984143271699
0.67,64.0496151419299,0.43759267399244695,0.67,0.36732892664163647,0.24611038084989645
0.67,64.35031729144234,0.43286758945333603,0.67,0.36389023983687524,0.24380646069070647
0.67,64.65101944095478,0.4281305820150022,0.67,0.36042787624613215,0.24148667708490856
0.67,64.95172159046722,0.42338178215351635,0.67,0.35694187544646533,0.23915105654913177
0.67,65.25242373997966,0.4186213206697597,0.67,0.35343228199567767,0.23679962893710405
0.67,65.55312588949211,0.4138493286858209,0.67,0.34989914551447227,0.23443242749469642
0.67,65.85382803900455,0.40906593764138527,0.67,0.34634252076741395,0.2320494889141674
0.67,66.154530188517,0.40427127929011264,0.67,0.3427624677425882,0.22965085338753413
0.67,66.45523233802945,0.39946548569601037,0.67,0.33915905172985766,0.2272365646590047
0.67,66.75593448754188,0.39464868922979424,0.67,0.33553234339760474,0.2248066700763952
0.67,67.05663663705432,0.38982102256524304,0.67,0.33188241886785497,0.22236122064146285
0.67,67.35733878656676,0.3849826186755443,0.67,0.3282093597896705,0.21990027105907922
0.67,67.65804093607922,0.38013361082963126,0.67,0.3245132534107025,0.21742387978517067
0.67,67.95874308559165,0.375274132588513,0.67,0.3207941926467923,0.2149321090733509
0.67,68.25944523510411,0.3704043178015942,0.67,0.3170522761495056,0.21242502502016875
0.67,68.56014738461654,0.3655243006029902,0.67,0.31328760837149017,0.20990269760889846
0.67,68.86084953412899,0.3606342154078306,0.67,0.3095002996295385,0.20736520075179082
0.67,69.16155168364142,0.35573419690855806,0.67,0.3056904661652452,0.20481261233071432
0.67,69.46225383315387,0.3508243800712181,0.67,0.30185823020314184,0.20224501423610505
0.67,69.76295598266631,0.3459049001317412,0.67,0.29800372000619435,0.19966249240415024
0.67,70.06365813217876,0.34097589259221894,0.67,0.29412706992855076,0.19706513685212906
0.67,70.3643602816912,0.3360374932171701,0.67,0.2902284204654211,0.19445304171183214
0.67,70.66506243120365,0.3310898380298029,0.67,0.28630791829998004,0.19182630526098662
0.67,70.96576458071608,0.3261330633082669,0.67,0.28236571634717555,0.18918502995260764
0.67,71.26646673022853,0.3211673055819002,0.67,0.27840197379433373,0.1865293224422036
0.67,71.56716887974096,0.3161927016274687,0.67,0.2744168561384482,0.1838592936127603
0.67,71.86787102925342,0.3112093884653985,0.67,0.27041053522004427,0.18117505859742966
0.67,72.16857317876585,0.3062175033560025,0.67,0.2663831892535115,0.17847673679985274
0.67,72.46927532827831,0.30121718379569845,0.67,0.2623350028537954,0.17576445191204298
0.67,72.76997747779075,0.2962085675132234,0.67,0.2582661670593494,0.17303833192976412
0.67,73.07067962730319,0.2911917924658385,0.67,0.2541768793512398,0.17029850916533068
0.67,73.37138177681562,0.28616699683553004,0.67,0.25006734366831024,0.16754512025776788
0.67,73.67208392632807,0.28113431902520314,0.67,0.24593777041830522,0.16477830618026454
0.67,73.97278607584052,0.2760938976548694,0.67,0.24178837648486262,0.16199821224485797
0.67,74.27348822535296,0.2710458715578296,0.67,0.2376193852302841,0.1592049881042904
0.67,74.57419037486541,0.26599037977684803,0.67,0.23343102649399633,0.15639878775097754
0.67,74.87489252437786,0.26092756156032465,0.67,0.22922353658662414,0.1535797695130382
0.67,75.17559467389029,0.25585755635845797,0.67,0.22499715827959266,0.15074809604732708
0.67,75.47629682340273,0.250780503819405,0.67,0.22075214079018865,0.1479039343294264
0.67,75.77699897291518,0.24569654378543426,0.67,0.21648873976200886,0.14504745564054597
0.67,76.07770112242763,0.24060581628907485,0.67,0.2122072172407326,0.14217883555129088
0.67,76.37840327194006,0.23550846154925814,0.67,0.2079078416451564,0.1392982539022548
0.67,76.67910542145252,0.23040461996745623,0.67,0.20359088773343945,0.13640589478140444
0.67,76.97980757096495,0.22529443212381534,0.67,0.19925663656450912,0.1335019464982211
0.67,77.2805097204774,0.22017803877328235,0.67,0.1949053754545818,0.13058660155456983
0.67,77.58121186998983,0.21505558084172882,0.67,0.19053739792876523,0.1276600566122727
0.67,77.88191401950229,0.2099271994220688,0.67,0.18615300366770726,0.12472251245736386
0.67,78.18261616901472,0.2047930357703735,0.67,0.18175249844926894,0.1217741739610102
0.67,78.48331831852717,0.19965323130197915,0.67,0.17733619408519957,0.11881525003708372
0.67,78.78402046803961,0.1945079275875926,0.67,0.1729044083528056,0.11584595359637977
0.67,79.08472261755206,0.18935726634939254,0.67,0.16845746492160577,0.11286650149747587
0.67,79.38542476706449,0.18420138945712453,0.67,0.16399569327497274,0.10987711449423175
0.67,79.68612691657694,0.17904043892419422,0.67,0.1595194286267728,0.10687801717993778
0.67,79.98682906608938,0.17387455690375542,0.67,0.15502901183301684,0.10386943792812131
0.67,80.28753121560183,0.16870388568479536,0.67,0.15052478929854715,0.1008516088300266
0.67,80.58823336511426,0.16352856768821425,0.67,0.14600711287878732,0.09782476562878752
0.67,80.88893551462672,0.15834874546290312,0.67,0.1414763397765968,0.09478914765031987
0.67,81.18963766413916,0.153164561681818,0.67,0.1369328324342728,0.09174499773096277
0.67,81.4903398136516,0.14797615913804896,0.67,0.13237695842075062,0.08869256214190294
0.67,81.79104196316403,0.14278368074088782,0.67,0.12780909031406645,0.08563209051042454
0.67,82.0917441126765,0.13758726951189143,0.67,0.12322960557914588,0.08256383573802775
0.67,82.39244626218893,0.13238706858094315,0.67,0.118638886440997,0.079488053915468
0.67,82.69314841170137,0.12718322118230918,0.67,0.1140373197533861,0.07640500423476869
0.67,82.9938505612138,0.12197587065069425,0.67,0.10942529686309078,0.07331494889827084
0.67,83.29455271072626,0.11676516041729305,0.67,0.10480321346982378,0.07021815302478195
0.67,83.5952548602387,0.11155123400584058,0.67,0.10017146948193506,0.06711488455289649
0.67,83.89595700975114,0.10633423502865746,0.67,0.09553046886800014,0.06400541414156011
0.67,84.19665915926359,0.10111430718269512,0.67,0.0908806195044176,0.060890015067959796
0.67,84.49736130877604,0.0958915942455783,0.67,0.08622233301913913,0.05776896312282323
0.67,84.79806345828847,0.09066624007164363,0.67,0.08155602463166316,0.05464253650321433
0.67,85.09876560780091,0.08543838858797813,0.67,0.07688211298943422,0.05151101570292094
0.67,85.39946775731336,0.08020818379045448,0.67,0.07220102000079069,0.04837468340052977
0.67,85.7001699068258,0.07497576973976568,0.67,0.06751317066461422,0.04523382434529154
0.67,86.00087205633824,0.06974129055745566,0.67,0.0628189928968353,0.04208872524087966
0.67,86.3015742058507,0.06450489042195037,0.67,0.05811891735396172,0.03893967462715436
0.67,86.60227635536313,0.059266713564587105,0.67,0.053413377253796385,0.03578696276004358
0.67,86.90297850487558,0.05402690426564048,0.67,0.04870280819351651,0.032630881489656066
0.67,87.20368065438801,0.048785606850349314,0.67,0.0439876479652961,0.02947172413674839
0.67,87.50438280390047,0.04354296568494084,0.67,0.0392683363696518,0.026309785367666712
0.67,87.8050849534129,0.03829912517265522,0.67,0.03454531502670123,0.02314536106788983
0.67,88.10578710292535,0.0330542297497667,0.67,0.029819027185522,0.019978748214299742
0.67,88.4064892524378,0.027808423881606002,0.67,0.02508991753180969,0.016810244746312496
0.67,88.70719140195024,0.022561852058581803,0.67,0.020358431994030667,0.013640149436000549
0.67,89.00789355146267,0.017314658792199563,0.67,0.01562501754826863,0.010468761757339982
0.67,89.30859570097512,0.012066988611081986,0.67,0.010890122021971671,0.00729638175472102
0.67,89.60929785048756,0.0068189860569876914,0.67,0.006154193896801891,0.004123309910857267
0.67,89.91000000000001,0.0015707956808308423,0.67,0.0014176821107966418,0.00094984701423375
1.0,5.729577951308232e-05,0.9999999999995,1.0,1.0,1.0
1.0,0.30075944529195625,0.9999862227578203,1.0,1.0,1.0
1.0,0.6014615948043993,0.9999449019086987,1.0,1.0,1.0
1.0,0.9021637443168427,0.9998760385902757,1.0,1.0,1.0
1.0,1.2028658938292858,0.9997796346993221,1.0,1.0,1.0
1.0,1.5035680433417289,0.999655692891185,1.0,1.0,1.0
1.0,1.804270192854172,0.9995042165797162,1.0,1.0,1.0
1.0,2.104972342366615,0.9993252099371772,1.0,1.0,1.0
1.0,2.4056744918790582,0.9991186778941246,1.0,1.0,1.0
1.0,2.7063766413915014,0.9988846261392743,1.0,1.0,1.0
1.0,3.0070787909039445,0.9986230611193446,1.0,1.0,1.0
1.0,3.3077809404163876,0.9983339900388793,1.0,1.0,1.0
1.0,3.608483089928831,0.9980174208600483,1.0,1.0,1.0
1.0,3.909185239441274,0.9976733623024289,1.0,1.0,1.0
1.0,4.209887388953717,0.9973018238427656,1.0,1.0,1.0
1.0,4.51058953846616,0.9969028157147086,1.0,1.0,1.0
1.0,4.811291687978604,0.996476348908533,1.0,1.0,1.0
1.0,5.111993837491047,0.9960224351708346,1.0,1.0,1.0
1.0,5.41269598700349,0.9955410870042076,1.0,1.0,1.0
1.0,5.713398136515933,0.9950323176668996,1.0,1.0,1.0
1.0,6.014100286028376,0.9944961411724464,1.0,1.0,1.0
1.0,6.31480243554082,0.9939325722892867,1.0,1.0,1.0
1.0,6.615504585053262,0.9933416265403541,1.0,1.0,1.0
1.0,6.916206734565706,0.9927233202026507,1.0,1.0,1.0
1.0,7.216908884078149,0.9920776703067983,1.0,1.0,1.0
1.0,7.517611033590592,0.991404694636569,1.0,1.0,1.0
1.0,7.818313183103035,0.9907044117283961,1.0,1.0,1.0
1.0,8.11901533261548,0.9899768408708626,1.0,1.0,1.0
1.0,8.419717482127922,0.9892220021041708,1.0,1.0,1.0
1.0,8.720419631640365,0.9884399162195897,1.0,1.0,1.0
1.0,9.021121781152807,0.987630604758883,1.0,1.0,1.0
1.0,9.321823930665252,0.9867940900137147,1.0,1.0,1.0
1.0,9.622526080177694,0.985930395025036,1.0,1.0,1.0
1.0,9.923228229690137,0.9850395435824506,1.0,1.0,1.0
1.0,10.223930379202582,0.9841215602235588,1.0,1.0,1.0
1.0,10.524632528715024,0.9831764702332823,1.0,1.0,1.0
1.0,10.825334678227467,0.9822042996431672,1.0,1.0,1.0
1.0,11.12603682773991,0.9812050752306679,1.0,1.0,1.0
1.0,11.426738977252354,0.9801788245184084,1.0,1.0,1.0
1.0,11.727441126764797,0.9791255757734248,1.0,1.0,1.0
1.0,12.02814327627724,0.9780453580063869,1.0,1.0,1.0
1.0,12.328845425789682,0.9769382009707986,1.0,1.0,1.0
1.0,12.629547575302125,0.975804135162179,1.0,1.0,1.0
1.0,12.930249724814567,0.9746431918172217,1.0,1.0,1.0
1.0,13.23095187432701,0.9734554029129352,1.0,1.0,1.0
1.0,13.531654023839454,0.9722408011657613,1.0,1.0,1.0
1.0,13.832356173351897,0.9709994200306749,1.0,1.0,1.0
1.0,14.13305832286434,0.9697312937002616,1.0,1.0,1.0
1.0,14.433760472376783,0.9684364571037765,1.0,1.0,1.0
1.0,14.734462621889225,0.9671149459061819,1.0,1.0,1.0
1.0,15.035164771401668,0.9657667965071649,1.0,1.0,1.0
1.0,15.33586692091411,0.964392046040135,1.0,1.0,1.0
1.0,15.636569070426553,0.9629907323712009,1.0,1.0,1.0
1.0,15.937271219938998,0.9615628940981282,1.0,1.0,1.0
1.0,16.237973369451442,0.9601085705492755,1.0,1.0,1.0
1.0,16.538675518963885,0.9586278017825116,1.0,1.0,1.0
1.0,16.839377668476327,0.9571206285841121,1.0,1.0,1.0
1.0,17.14007981798877,0.9555870924676358,1.0,1.0,1.0
1.0,17.440781967501213,0.9540272356727815,1.0,1.0,1.0
1.0,17.741484117013655,0.9524411011642243,1.0,1.0,1.0
1.0,18.042186266526098,0.9508287326304324,1.0,1.0,1.0
1.0,18.342888416038544,0.9491901744824637,1.0,1.0,1.0
1.0,18.643590565550987,0.9475254718527423,1.0,1.0,1.0
1.0,18.94429271506343,0.9458346705938155,1.0,1.0,1.0
1.0,19.244994864575872,0.9441178172770913,1.0,1.0,1.0
1.0,19.545697014088315,0.942374959191555,1.0,1.0,1.0
1.0,19.846399163600758,0.9406061443424668,1.0,1.0,1.0
1.0,20.1471013131132,0.9388114214500399,1.0,1.0,1.0
1.0,20.447803462625647,0.9369908399480981,1.0,1.0,1.0
1.0,20.74850561213809,0.9351444499827143,1.0,1.0,1.0
1.0,21.049207761650532,0.9332723024108299,1.0,1.0,1.0
1.0,21.349909911162975,0.9313744487988529,1.0,1.0,1.0
1.0,21.650612060675417,0.9294509414212385,1.0,1.0,1.0
1.0,21.95131421018786,0.9275018332590487,1.0,1.0,1.0
1.0,22.252016359700303,0.9255271779984932,1.0,1.0,1.0
1.0,22.55271850921275,0.9235270300294506,1.0,1.0,1.0
1.0,22.85342065872519,0.9215014444439706,1.0,1.0,1.0
1.0,23.154122808237634,0.919450477034756,1.0,1.0,1.0
1.0,23.454824957750077,0.9173741842936263,1.0,1.0,1.0
1.0,23.75552710726252,0.9152726234099614,1.0,1.0,1.0
1.0,24.056229256774962,0.9131458522691271,1.0,1.0,1.0
1.0,24.356931406287405,0.9109939294508799,1.0,1.0,1.0
1.0,24.65763355579985,0.9088169142277535,1.0,1.0,1.0
1.0,24.958335705312294,0.9066148665634268,1.0,1.0,1.0
1.0,25.259037854824737,0.904387847111072,1.0,1.0,1.0
1.0,25.55974000433718,0.9021359172116837,1.0,1.0,1.0
1.0,25.860442153849622,0.8998591388923897,1.0,1.0,1.0
1.0,26.161144303362065,0.8975575748647421,1.0,1.0,1.0
1.0,26.461846452874507,0.8952312885229904,1.0,1.0,1.0
1.0,26.762548602386953,0.8928803439423353,1.0,1.0,1.0
1.0,27.063250751899396,0.8905048058771634,1.0,1.0,1.0
1.0,27.36395290141184,0.8881047397592642,1.0,1.0,1.0
1.0,27.66465505092428,0.8856802116960275,1.0,1.0,1.0
1.0,27.965357200436724,0.8832312884686225,1.0,1.0,1.0
1.0,28.266059349949167,0.8807580375301586,1.0,1.0,1.0
1.0,28.56676149946161,0.8782605270038273,1.0,1.0,1.0
1.0,28.86746364897406,0.8757388256810258,1.0,1.0,1.0
1.0,29.1681657984865,0.8731930030194625,1.0,1.0,1.0
1.0,29.468867947998945,0.8706231291412433,1.0,1.0,1.0
1.0,29.769570097511384,0.868029274830941,1.0,1.0,1.0
1.0,30.07027224702383,0.8654115115336444,1.0,1.0,1.0
1.0,30.370974396536276,0.8627699113529917,1.0,1.0,1.0
1.0,30.671676546048715,0.8601045470491839,1.0,1.0,1.0
1.0,30.97237869556116,0.8574154920369803,1.0,1.0,1.0
1.0,31.2730808450736,0.8547028203836772,1.0,1.0,1.0
1.0,31.573782994586047,0.8519666068070669,1.0,1.0,1.0
1.0,31.874485144098486,0.8492069266733805,1.0,1.0,1.0
1.0,32.17518729361093,0.8464238559952115,1.0,1.0,1.0
1.0,32.47588944312338,0.8436174714294223,1.0,1.0,1.0
1.0,32.77659159263582,0.8407878502750327,1.0,1.0,1.0
1.0,33.077293742148264,0.8379350704710906,1.0,1.0,1.0
1.0,33.3779958916607,0.8350592105945259,1.0,1.0,1.0
1.0,33.67869804117315,0.8321603498579851,1.0,1.0,1.0
1.0,33.97940019068559,0.8292385681076506,1.0,1.0,1.0
1.0,34.280102340198034,0.8262939458210408,1.0,1.0,1.0
1.0,34.58080448971048,0.8233265641047932,1.0,1.0,1.0
1.0,34.88150663922292,0.8203365046924312,1.0,1.0,1.0
1.0,35.182208788735366,0.8173238499421122,1.0,1.0,1.0
1.0,35.482910938247805,0.814288682834359,1.0,1.0,1.0
1.0,35.78361308776025,0.8112310869697749,1.0,1.0,1.0
1.0,36.08431523727269,0.8081511465667404,1.0,1.0,1.0
1.0,36.38501738678514,0.8050489464590935,1.0,1.0,1.0
1.0,36.68571953629758,0.8019245720937936,1.0,1.0,1.0
1.0,36.98642168581002,0.7987781095285673,1.0,1.0,1.0
1.0,37.28712383532247,0.7956096454295384,1.0,1.0,1.0
1.0,37.58782598483491,0.7924192670688406,1.0,1.0,1.0
1.0,37.888528134347354,0.7892070623222136,1.0,1.0,1.0
1.0,38.18923028385979,0.785973119666583,1.0,1.0,1.0
1.0,38.48993243337224,0.7827175281776231,1.0,1.0,1.0
1.0,38.790634582884685,0.7794403775273032,1.0,1.0,1.0
1.0,39.091336732397124,0.7761417579814182,1.0,1.0,1.0
1.0,39.39203888190957,0.7728217603971013,1.0,1.0,1.0
1.0,39.69274103142201,0.7694804762203228,1.0,1.0,1.0
1.0,39.993443180934456,0.7661179974833704,1.0,1.0,1.0
1.0,40.294145330446895,0.7627344168023144,1.0,1.0,1.0
1.0,40.59484747995934,0.7593298273744568,1.0,1.0,1.0
1.0,40.89554962947179,0.7559043229757643,1.0,1.0,1.0
1.0,41.19625177898423,0.7524579979582853,1.0,1.0,1.0
1.0,41.49695392849667,0.7489909472475509,1.0,1.0,1.0
1.0,41.79765607800911,0.7455032663399607,1.0,1.0,1.0
1.0,42.09835822752156,0.7419950513001518,1.0,1.0,1.0
1.0,42.399060377034,0.7384663987583536,1.0,1.0,1.0
1.0,42.699762526546444,0.7349174059077254,1.0,1.0,1.0
1.0,43.00046467605889,0.7313481705016799,1.0,1.0,1.0
1.0,43.30116682557133,0.7277587908511906,1.0,1.0,1.0
1.0,43.601868975083775,0.7241493658220834,1.0,1.0,1.0
1.0,43.902571124596214,0.7205199948323143,1.0,1.0,1.0
1.0,44.20327327410866,0.7168707778492303,1.0,1.0,1.0
1.0,44.5039754236211,0.7132018153868163,1.0,1.0,1.0
1.0,44.804677573133546,0.7095132085029262,1.0,1.0,1.0
1.0,45.10537972264598,0.7058050587965001,1.0,1.0,1.0
1.0,45.406081872158424,0.7020774684047647,1.0,1.0,1.0
1.0,45.70678402167086,0.6983305400004213,1.0,1.0,1.0
1.0,46.00748617118331,0.6945643767888164,1.0,1.0,1.0
1.0,46.30818832069575,0.6907790825051008,1.0,1.0,1.0
1.0,46.608890470208195,0.6869747614113704,1.0,1.0,1.0
1.0,46.909592619720634,0.6831515182937958,1.0,1.0,1.0
1.0,47.21029476923308,0.6793094584597353,1.0,1.0,1.0
1.0,47.510996918745526,0.6754486877348349,1.0,1.0,1.0
1.0,47.811699068257965,0.6715693124601129,1.0,1.0,1.0
1.0,48.11240121777041,0.667671439489031,1.0,1.0,1.0
1.0,48.41310336728285,0.6637551761845515,1.0,1.0,1.0
1.0,48.7138055167953,0.6598206304161794,1.0,1.0,1.0
1.0,49.014507666307736,0.6558679105569923,1.0,1.0,1.0
1.0,49.31520981582018,0.6518971254806539,1.0,1.0000000000000002,1.0000000000000002
1.0,49.61591196533263,0.6479083845584167,1.0,1.0,1.0
1.0,49.91661411484507,0.6439017976561084,1.0,1.0,1.0
1.0,50.217316264357514,0.6398774751311062,1.0,1.0,1.0
1.0,50.51801841386995,0.6358355278292972,1.0,1.0,1.0
1.0,50.8187205633824,0.6317760670820248,1.0,1.0,1.0
1.0,51.11942271289484,0.627699204703023,1.0,1.0,1.0
1.0,51.420124862407285,0.6236050529853358,1.0,1.0,1.0
1.0,51.72082701191973,0.6194937246982243,1.0,1.0,1.0
1.0,52.02152916143217,0.6153653330840614,1.0,1.0,1.0
1.0,52.322231310944616,0.6112199918552116,1.0,1.0,1.0
1.0,52.622933460457055,0.6070578151908995,1.0,1.0,1.0
1.0,52.9236356099695,0.6028789177340648,1.0,1.0,1.0
1.0,53.22433775948194,0.5986834145882043,1.0,1.0000000000000002,1.0000000000000002
1.0,53.52503990899439,0.5944714213142017,1.0,1.0,1.0
1.0,53.82574205850683,0.5902430539271447,1.0,1.0,1.0
1.0,54.12644420801927,0.5859984288931296,1.0,1.0,1.0
1.0,54.42714635753172,0.5817376631260524,1.0,1.0,1.0
1.0,54.72784850704416,0.5774608739843899,1.0,1.0,1.0
1.0,55.028550656556604,0.5731681792679663,1.0,1.0,1.0
1.0,55.32925280606904,0.5688596972147087,1.0,1.0,1.0
1.0,55.62995495558149,0.5645355464973904,1.0,1.0000000000000002,1.0000000000000002
1.0,55.930657105093935,0.5601958462203621,1.0,1.0,1.0
1.0,56.231359254606375,0.5558407159162717,1.0,1.0,1.0
1.0,56.53206140411882,0.5514702755427712,1.0,1.0,1.0
1.0,56.83276355363126,0.5470846454792132,1.0,1.0,1.0
1.0,57.133465703143706,0.5426839465233346,1.0,1.0,1.0
1.0,57.434167852656145,0.5382682998879301,1.0,0.9999999999999998,0.9999999999999998
1.0,57.7348700021686,0.5338378271975127,1.0,1.0,1.0
1.0,58.03557215168104,0.5293926504849645,1.0,1.0000000000000002,1.0000000000000002
1.0,58.33627430119348,0.5249328921881747,1.0,1.0,1.0
1.0,58.636976450705916,0.5204586751466673,1.0,1.0,1.0
1.0,58.937678600218355,0.5159701225982182,1.0,0.9999999999999998,0.9999999999999998
1.0,59.23838074973081,0.5114673581754596,1.0,1.0,1.0
1.0,59.53908289924325,0.5069505059024765,1.0,1.0,1.0
1.0,59.8397850487557,0.5024196901913884,1.0,1.0,1.0
1.0,60.14048719826814,0.4978750358389244,1.0,1.0000000000000002,1.0000000000000002
1.0,60.44118934778058,0.4933166680229843,1.0,0.9999999999999999,0.9999999999999999
1.0,60.74189149729302,0.48874471229919164,1.0,0.9999999999999999,0.9999999999999999
1.0,61.04259364680546,0.48415929459743506,1.0,1.0,1.0
1.0,61.34329579631791,0.4795605412183996,1.0,1.0000000000000002,1.0000000000000002
1.0,61.64399794583035,0.47494857883008856,1.0,0.9999999999999999,0.9999999999999999
1.0,61.944700095342796,0.47032353446433334,1.0,1.0,1.0
1.0,62.24540224485524,0.4656855355132957,1.0,1.0,1.0
1.0,62.54610439436768,0.46103470972595806,1.0,1.0,1.0
1.0,62.84680654388012,0.456371185204605,1.0,1.0,1.0
1.0,63.14750869339256,0.45169509040129496,1.0,0.9999999999999999,0.9999999999999999
1.0,63.44821084290501,0.44700655411432183,1.0,0.9999999999999999,0.9999999999999999
1.0,63.74891299241745,0.44230570548466824,1.0,0.9999999999999999,0.9999999999999999
1.0,64.0496151419299,0.43759267399244695,1.0,0.9999999999999999,0.9999999999999999
1.0,64.35031729144234,0.43286758945333603,1.0,1.0000000000000002,1.0000000000000002
1.0,64.65101944095478,0.4281305820150022,1.0,1.0,1.0
1.0,64.95172159046722,0.42338178215351635,1.0,1.0000000000000002,1.0000000000000002
1.0,65.25242373997966,0.4186213206697597,1.0,1.0,1.0
1.0,65.55312588949211,0.4138493286858209,1.0,1.0,1.0
1.0,65.85382803900455,0.40906593764138527,1.0,0.9999999999999999,0.9999999999999999
1.0,66.154530188517,0.40427127929011264,1.0,1.0,1.0
1.0,66.45523233802945,0.39946548569601037,1.0,1.0,1.0
1.0,66.75593448754188,0.39464868922979424,1.0,1.0000000000000002,1.0000000000000002
1.0,67.05663663705432,0.38982102256524304,1.0,1.0,1.0
1.0,67.35733878656676,0.3849826186755443,1.0,1.0,1.0
1.0,67.65804093607922,0.38013361082963126,1.0,1.0000000000000002,1.0000000000000002
1.0,67.95874308559165,0.375274132588513,1.0,1.0,1.0
1.0,68.25944523510411,0.3704043178015942,1.0,0.9999999999999997,0.9999999999999997
1.0,68.56014738461654,0.3655243006029902,1.0,1.0000000000000002,1.0000000000000002
1.0,68.86084953412899,0.3606342154078306,1.0,0.9999999999999999,0.9999999999999999
1.0,69.16155168364142,0.35573419690855806,1.0,0.9999999999999997,0.9999999999999997
1.0,69.46225383315387,0.3508243800712181,1.0,0.9999999999999999,0.9999999999999999
1.0,69.76295598266631,0.3459049001317412,1.0,1.0000000000000002,1.0000000000000002
1.0,70.06365813217876,0.34097589259221894,1.0,1.0,1.0
1.0,70.3643602816912,0.3360374932171701,1.0,0.9999999999999999,0.9999999999999999
1.0,70.66506243120365,0.3310898380298029,1.0,1.0,1.0
1.0,70.96576458071608,0.3261330633082669,1.0,1.0000000000000004,1.0000000000000004
1.0,71.26646673022853,0.3211673055819002,1.0,1.0000000000000002,1.0000000000000002
1.0,71.56716887974096,0.3161927016274687,1.0,1.0000000000000004,1.0000000000000004
1.0,71.86787102925342,0.3112093884653985,1.0,1.0,1.0
1.0,72.16857317876585,0.3062175033560025,1.0,1.0000000000000002,1.0000000000000002
1.0,72.46927532827831,0.30121718379569845,1.0,1.0000000000000004,1.0000000000000004
1.0,72.76997747779075,0.2962085675132234,1.0,1.0000000000000002,1.0000000000000002
1.0,73.07067962730319,0.2911917924658385,1.0,1.0,1.0
1.0,73.37138177681562,0.28616699683553004,1.0,0.9999999999999998,0.9999999999999998
1.0,73.67208392632807,0.28113431902520314,1.0,0.9999999999999998,0.9999999999999998
1.0,73.97278607584052,0.2760938976548694,1.0,1.0000000000000002,1.0000000000000002
1.0,74.27348822535296,0.2710458715578296,1.0,1.0000000000000004,1.0000000000000004
1.0,74.57419037486541,0.26599037977684803,1.0,1.0,1.0
1.0,74.87489252437786,0.26092756156032465,1.0,0.9999999999999998,0.9999999999999998
1.0,75.17559467389029,0.25585755635845797,1.0,0.9999999999999998,0.9999999999999998
1.0,75.47629682340273,0.250780503819405,1.0,1.0000000000000002,1.0000000000000002
1.0,75.77699897291518,0.24569654378543426,1.0,0.9999999999999996,0.9999999999999996
1.0,76.07770112242763,0.24060581628907485,1.0,1.0000000000000002,1.0000000000000002
1.0,76.37840327194006,0.23550846154925814,1.0,0.9999999999999999,0.9999999999999999
1.0,76.67910542145252,0.23040461996745623,1.0,1.0000000000000002,1.0000000000000002
1.0,76.97980757096495,0.22529443212381534,1.0,1.0000000000000004,1.0000000000000004
1.0,77.2805097204774,0.22017803877328235,1.0,1.0000000000000002,1.0000000000000002
1.0,77.58121186998983,0.21505558084172882,1.0,1.0000000000000002,1.0000000000000002
1.0,77.88191401950229,0.2099271994220688,1.0,1.0000000000000002,1.0000000000000002
1.0,78.18261616901472,0.2047930357703735,1.0,1.0000000000000002,1.0000000000000002
1.0,78.48331831852717,0.19965323130197915,1.0,1.0000000000000007,1.0000000000000007
1.0,78.78402046803961,0.1945079275875926,1.0,1.0000000000000007,1.0000000000000007
1.0,79.08472261755206,0.18935726634939254,1.0,1.0000000000000004,1.0000000000000004
1.0,79.38542476706449,0.18420138945712453,1.0,1.0000000000000002,1.0000000000000002
1.0,79.68612691657694,0.17904043892419422,1.0,1.0,1.0
1.0,79.98682906608938,0.17387455690375542,1.0,0.9999999999999997,0.9999999999999997
1.0,80.28753121560183,0.16870388568479536,1.0,1.0000000000000002,1.0000000000000002
1.0,80.58823336511426,0.16352856768821425,1.0,1.0000000000000007,1.0000000000000007
1.0,80.88893551462672,0.15834874546290312,1.0,1.000000000000001,1.000000000000001
1.0,81.18963766413916,0.153164561681818,1.0,0.9999999999999992,0.9999999999999992
1.0,81.4903398136516,0.14797615913804896,1.0,0.9999999999999989,0.9999999999999989
1.0,81.79104196316403,0.14278368074088782,1.0,1.000000000000001,1.000000000000001
1.0,82.0917441126765,0.13758726951189143,1.0,0.9999999999999994,0.9999999999999994
1.0,82.39244626218893,0.13238706858094315,1.0,1.0000000000000002,1.0000000000000002
1.0,82.69314841170137,0.12718322118230918,1.0,1.0000000000000009,1.0000000000000009
1.0,82.9938505612138,0.12197587065069425,1.0,1.0000000000000018,1.0000000000000018
1.0,83.29455271072626,0.11676516041729305,1.0,1.0000000000000007,1.0000000000000007
1.0,83.5952548602387,0.11155123400584058,1.0,1.0000000000000022,1.0000000000000022
1.0,83.89595700975114,0.10633423502865746,1.0,0.9999999999999986,0.9999999999999986
1.0,84.19665915926359,0.10111430718269512,1.0,0.9999999999999978,0.9999999999999978
1.0,84.49736130877604,0.0958915942455783,1.0,0.9999999999999982,0.9999999999999982
1.0,84.79806345828847,0.09066624007164363,1.0,1.000000000000003,1.000000000000003
1.0,85.09876560780091,0.08543838858797813,1.0,0.9999999999999989,0.9999999999999989
1.0,85.39946775731336,0.08020818379045448,1.0,0.9999999999999998,0.9999999999999998
1.0,85.7001699068258,0.07497576973976568,1.0,0.9999999999999969,0.9999999999999969
1.0,86.00087205633824,0.06974129055745566,1.0,0.999999999999999,0.999999999999999
1.0,86.3015742058507,0.06450489042195037,1.0,0.9999999999999942,0.9999999999999942
1.0,86.60227635536313,0.059266713564587105,1.0,1.0000000000000053,1.0000000000000053
1.0,86.90297850487558,0.05402690426564048,1.0,1.0000000000000089,1.0000000000000089
1.0,87.20368065438801,0.048785606850349314,1.0,1.0000000000000058,1.0000000000000058
1.0,87.50438280390047,0.04354296568494084,1.0,0.9999999999999855,0.9999999999999855
1.0,87.8050849534129,0.03829912517265522,1.0,1.0000000000000038,1.0000000000000038
1.0,88.10578710292535,0.0330542297497667,1.0,0.999999999999996,0.999999999999996
1.0,88.4064892524378,0.027808423881606002,1.0,0.999999999999986,0.999999999999986
1.0,88.70719140195024,0.022561852058581803,1.0,1.0000000000000338,1.0000000000000338
1.0,89.00789355146267,0.017314658792199563,1.0,1.000000000000069,1.000000000000069
1.0,89.30859570097512,0.012066988611081986,1.0,0.999999999999937,0.999999999999937
1.0,89.60929785048756,0.0068189860569876914,1.0,1.0000000000001683,1.0000000000001683
1.0,89.91000000000001,0.0015707956808308423,1.0,0.9999999999934909,0.9999999999934909
1.5,5.729577951308232e-05,0.9999999999995,1.5,1.5000000000009377,2.250000000001406
1.5,0.13975109940862113,0.999997025356049,1.5,1.5000055775134034,2.250008366270105
1.5,0.2794449030377292,0.999988106319607,1.5,1.5000223015459475,2.2500334523189216
1.5,0.4191387066668372,0.9999732429431926,1.5,1.5000501740124867,2.25007526101873
1.5,0.5588325102959453,0.9999524353151598,1.5,1.5000891981031477,2.2501337971547213
1.5,0.6985263139250533,0.9999256835591976,1.5,1.5001393782851937,2.250209067427791
1.5,0.8382201175541614,0.9998929878343296,1.5,1.5002007203043168,2.2503010804564756
1.5,0.9779139211832694,0.9998543483349125,1.5,1.5002732311863032,2.2504098467794544
1.5,1.1176077248123775,0.9998097652906353,1.5,1.500356919239071,2.250535378858607
1.5,1.2573015284414857,0.9997592389665179,1.5,1.5004517940550801,2.25067769108262
1.5,1.3969953320705937,0.9997027696629097,1.5,1.5005578665141146,2.250836799771172
1.5,1.5366891356997017,0.9996403577154873,1.5,1.5006751487864467,2.2510127231796697
1.5,1.6763829393288097,0.999572003495253,1.5,1.5008036543363712,2.2512054815045572
1.5,1.8160767429579179,0.9994977074085323,1.5,1.500943397926125,2.2514150968891875
1.5,1.9557705465870256,0.9994174698969717,1.5,1.5010943956201859,2.251641593430279
1.5,2.0954643502161336,0.9993312914375359,1.5,1.501256664789956,2.2518849971849337
1.5,2.235158153845242,0.9992391725425049,1.5,1.501430224118833,2.2521453361782497
1.5,2.37485195747435,0.9991411137594716,1.5,1.5016150936076689,2.2524226404115035
1.5,2.514545761103458,0.9990371156713374,1.5,1.5018112945806248,2.2527169418709367
1.5,2.654239564732566,0.9989271788963098,1.5,1.5020188496914175,2.2530282745371264
1.5,2.793933368361674,0.9988113040878979,1.5,1.5022377829299725,2.2533566743949587
1.5,2.9336271719907825,0.9986894919349094,1.5,1.5024681196294694,2.253702179444204
1.5,3.07332097561989,0.9985617431614456,1.5,1.5027098864738078,2.2540648297107113
1.5,3.213014779248998,0.9984280585268979,1.5,1.5029631115054742,2.2544446672582112
1.5,3.3527085828781065,0.9982884388259424,1.5,1.5032278241338297,2.2548417362007442
1.5,3.4924023865072145,0.9981428848885361,1.5,1.503504055143819,2.2552560827157286
1.5,3.6320961901363225,0.9979913975799113,1.5,1.5037918367051033,2.255687755057655
1.5,3.771789993765431,0.9978339778005708,1.5,1.5040912023816233,2.256136803572435
1.5,3.911483797394538,0.9976706264862825,1.5,1.5044021871416027,2.2566032807124046
1.5,4.051177601023646,0.9975013446080735,1.5,1.5047248273679907,2.257087241051986
1.5,4.190871404652754,0.997326133172225,1.5,1.5050591608693529,2.2575887413040294
1.5,4.330565208281863,0.9971449932202655,1.5,1.505405226891218,2.2581078403368267
1.5,4.47025901191097,0.9969579258289656,1.5,1.5057630661278856,2.2586445991918285
1.5,4.609952815540079,0.9967649321103305,1.5,1.5061327207347024,2.2591990811020537
1.5,4.749646619169187,0.996566013211594,1.5,1.5065142343408122,2.2597713515112186
1.5,4.889340422798295,0.9963611703152119,1.5,1.5069076520623907,2.260361478093586
1.5,5.029034226427403,0.9961504046388545,1.5,1.507313020516369,2.2609695307745534
1.5,5.168728030056511,0.9959337174353995,1.5,1.507730387834658,2.261595581751987
1.5,5.308421833685619,0.9957111099929246,1.5,1.5081598036788781,2.2622397055183177
1.5,5.448115637314727,0.9954825836346999,1.5,1.5086013192556076,2.262901978883411
1.5,5.587809440943835,0.9952481397191798,1.5,1.5090549873321515,2.263582480998227
1.5,5.727503244572944,0.9950077796399954,1.5,1.5095208622528509,2.264281293379276
1.5,5.867197048202051,0.9947615048259456,1.5,1.5099989999559333,2.2649984999339
1.5,6.00689085183116,0.9945093167409891,1.5,1.5104894579909174,2.2657341869863763
1.5,6.146584655460267,0.9942512168842353,1.5,1.5109922955365853,2.266488443304878
1.5,6.286278459089375,0.993987206789936,1.5,1.5115075734195305,2.2672613601292957
1.5,6.425972262718483,0.9937172880274754,1.5,1.5120353541332932,2.26805303119994
1.5,6.565666066347592,0.9934414622013615,1.5,1.5125757018580952,2.268863552787143
1.5,6.705359869976699,0.9931597309512165,1.5,1.5131286824811878,2.269693023721782
1.5,6.845053673605808,0.9928720959517663,1.5,1.5136943636178235,2.270541545426735
1.5,6.984747477234916,0.9925785589128318,1.5,1.5142728146328654,2.271409221949298
1.5,7.124441280864024,0.9922791215793174,1.5,1.5148641066630495,2.272296159994574
1.5,7.264135084493132,0.9919737857312018,1.5,1.5154683126399109,2.2732024689598664
1.5,7.40382888812224,0.9916625531835266,1.5,1.5160855073133916,2.2741282609700875
1.5,7.543522691751348,0.9913454257863858,1.5,1.516715767276142,2.2750736509142127
1.5,7.683216495380456,0.9910224054249152,1.5,1.517359170988536,2.2760387564828037
1.5,7.822910299009563,0.99069349401928,1.5,1.5180157988044123,2.277023698206618
1.5,7.9626041026386725,0.990358693524665,1.5,1.5186857329975578,2.2780285994963365
1.5,8.10229790626778,0.9900180059312618,1.5,1.5193690577889563,2.2790535866834345
1.5,8.241991709896888,0.9896714332642573,1.5,1.5200658593748129,2.2800987890622193
1.5,8.381685513525996,0.9893189775838218,1.5,1.52077622595538,2.28116433893307
1.5,8.521379317155105,0.9889606409850966,1.5,1.5215002477645996,2.2822503716468994
1.5,8.661073120784213,0.9885964255981816,1.5,1.5222380171005783,2.2833570256508677
1.5,8.80076692441332,0.9882263335881226,1.5,1.5229896283569297,2.2844844425353945
1.5,8.940460728042428,0.9878503671548985,1.5,1.5237551780549874,2.285632767082481
1.5,9.080154531671536,0.9874685285334083,1.5,1.5245347648769216,2.2868021473153823
1.5,9.219848335300645,0.9870808199934574,1.5,1.5253284896997854,2.287992734549678
1.5,9.359542138929752,0.9866872438397446,1.5,1.5261364556305,2.2892046834457496
1.5,9.499235942558862,0.9862878024118483,1.5,1.526958768041818,2.2904381520627273
1.5,9.638929746187967,0.9858824980842125,1.5,1.5277955346092846,2.2916933019139267
1.5,9.778623549817077,0.9854713332661322,1.5,1.5286468653492187,2.292970298023828
1.5,9.918317353446184,0.9850543104017402,1.5,1.5295128726577487,2.294269308986623
1.5,10.058011157075294,0.9846314319699916,1.5,1.5303936713509243,2.295590507026386
1.5,10.197704960704401,0.9842027004846495,1.5,1.5312893787059383,2.296934068058907
1.5,10.337398764333509,0.9837681184942699,1.5,1.5322001145034874,2.298300171755231
1.5,10.477092567962616,0.9833276885821867,1.5,1.5331260010712968,2.299689001606945
1.5,10.616786371591724,0.9828814133664959,1.5,1.5340671633288534,2.3011007449932803
1.5,10.756480175220833,0.9824292955000409,1.5,1.5350237288333684,2.3025355932500524
1.5,10.89617397884994,0.9819713376703959,1.5,1.5359958278270096,2.303993741740514
1.5,11.03586778247905,0.9815075425998504,1.5,1.5369835932854408,2.3054753899281613
1.5,11.175561586108158,0.9810379130453926,1.5,1.5379871609677025,2.3069807414515537
1.5,11.315255389737265,0.9805624517986935,1.5,1.5390066694674704,2.3085100042012057
1.5,11.454949193366373,0.98008116168609,1.5,1.5400422602657358,2.3100633903986036
1.5,11.59464299699548,0.9795940455685684,1.5,1.5410940777849471,2.311641116677421
1.5,11.73433680062459,0.9791011063417466,1.5,1.5421622694446528,2.3132434041669794
1.5,11.874030604253697,0.978602346935858,1.5,1.5432469857186946,2.314870478578042
1.5,12.013724407882806,0.9780977703157334,1.5,1.5443483801939912,2.316522570290987
1.5,12.153418211511914,0.9775873794807832,1.5,1.5454666096309657,2.3181999144464487
1.5,12.293112015141022,0.9770711774649804,1.5,1.5466018340256595,2.3199027510384895
1.5,12.43280581877013,0.9765491673368415,1.5,1.5477542166735891,2.3216313250103835
1.5,12.572499622399237,0.9760213521994093,1.5,1.5489239242353938,2.323385886353091
1.5,12.712193426028346,0.9754877351902337,1.5,1.5501111268043357,2.325166690206504
1.5,12.851887229657454,0.9749483194813533,1.5,1.551315997975699,2.3269739969635483
1.5,12.991581033286563,0.9744031082792766,1.5,1.5525387149181558,2.3288080723772335
1.5,13.13127483691567,0.9738521048249628,1.5,1.5537794584471576,2.3306691876707366
1.5,13.270968640544778,0.9732953123938028,1.5,1.5550384131004105,2.3325576196506157
1.5,13.410662444173886,0.9727327342955996,1.5,1.5563157672155066,2.3344736508232597
1.5,13.550356247802993,0.9721643738745482,1.5,1.5576117130097764,2.3364175695146647
1.5,13.690050051432102,0.9715902345092166,1.5,1.558926446662434,2.338389669993651
1.5,13.82974385506121,0.9710103196125247,1.5,1.5602601683990847,2.340390252598627
1.5,13.96943765869032,0.9704246326317251,1.5,1.5616130825786771,2.342419623868016
1.5,14.109131462319425,0.9698331770483815,1.5,1.5629853977829782,2.3444780966744676
1.5,14.248825265948534,0.9692359563783489,1.5,1.5643773269086438,2.3465659903629654
1.5,14.38851906957764,0.9686329741717522,1.5,1.565789087261985,2.3486836308929773
1.5,14.52821287320675,0.9680242340129653,1.5,1.5672209006565072,2.350831350984761
1.5,14.667906676835855,0.9674097395205896,1.5,1.5686729935133197,2.35300949026998
1.5,14.807600480464965,0.9667894943474328,1.5,1.570145596964509,2.3552183954467636
1.5,14.947294284094074,0.966163502180487,1.5,1.5716389469595764,2.357458420439364
1.5,15.086988087723181,0.9655317667409065,1.5,1.5731532843750449,2.3597299265625673
1.5,15.226681891352287,0.9648942917839863,1.5,1.5746888551273384,2.3620332826910073
1.5,15.366375694981397,0.9642510810991395,1.5,1.576245910289049,2.3643688654335735
1.5,15.506069498610506,0.9636021385098743,1.5,1.577824706208708,2.366737059313062
1.5,15.645763302239612,0.9629474678737722,1.5,1.5794255046341825,2.369138256951274
1.5,15.785457105868721,0.962287073082464,1.5,1.5810485728398185,2.371572859259728
1.5,15.92515090949783,0.9616209580616079,1.5,1.5826941837574673,2.3740412756362006
1.5,16.064844713126938,0.9609491267708649,1.5,1.5843626161115318,2.3765439241672977
1.5,16.204538516756045,0.9602715832038761,1.5,1.5860541545581694,2.379081231837254
1.5,16.344232320385153,0.9595883313882388,1.5,1.5877690898288046,2.3816536347432065
1.5,16.48392612401426,0.9588993753854824,1.5,1.589507718878102,2.3842615783171524
1.5,16.62361992764337,0.9582047192910443,1.5,1.5912703450365637,2.3869055175548457
1.5,16.763313731272476,0.9575043672342456,1.5,1.593057278167916,2.3895859172518743
1.5,16.903007534901587,0.9567983233782664,1.5,1.5948688348314601,2.39230325224719
1.5,17.042701338530694,0.9560865919201216,1.5,1.5967053384495675,2.395058007674351
1.5,17.182395142159802,0.9553691770906351,1.5,1.598567119480515,2.397850679220773
1.5,17.32208894578891,0.9546460831544152,1.5,1.6004545155968508,2.4006817733952763
1.5,17.461782749418017,0.9539173144098295,1.5,1.6023678718694991,2.4035518078042486
1.5,17.601476553047128,0.9531828751889784,1.5,1.6043075409578258,2.406461311436739
1.5,17.741170356676232,0.9524427698576704,1.5,1.6062738833058747,2.409410824958812
1.5,17.880864160305343,0.9516970028153955,1.5,1.608267267345031,2.412400901017546
1.5,18.02055796393445,0.9509455784952991,1.5,1.6102880697033313,2.415432104554997
1.5,18.160251767563558,0.9501885013641563,1.5,1.6123366754217001,2.4185050131325503
1.5,18.299945571192666,0.9494257759223442,1.5,1.6144134781773638,2.421620217266046
1.5,18.439639374821773,0.9486574067038162,1.5,1.6165188805147273,2.4247783207720905
1.5,18.579333178450884,0.9478833982760744,1.5,1.6186532940840077,2.4279799411260115
1.5,18.71902698207999,0.9471037552401428,1.5,1.6208171398879265,2.4312257098318897
1.5,18.8587207857091,0.9463184822305397,1.5,1.623010848536782,2.434516272805173
1.5,18.998414589338207,0.9455275839152505,1.5,1.6252348605122326,2.437852290768349
1.5,19.138108392967315,0.9447310649956995,1.5,1.6274896264401484,2.441234439660223
1.5,19.277802196596422,0.9439289302067223,1.5,1.6297756073728866,2.44466341105933
1.5,19.41749600022553,0.9431211843165375,1.5,1.632093275081382,2.448139912622073
1.5,19.55718980385464,0.9423078321267183,1.5,1.6344431123574512,2.4516646685361767
1.5,19.696883607483745,0.9414888784721643,1.5,1.6368256133267283,2.4552384199900925
1.5,19.836577411112856,0.9406643282210723,1.5,1.6392412837726786,2.458861925659018
1.5,19.976271214741963,0.9398341862749074,1.5,1.6416906414721428,2.462535962208214
1.5,20.11596501837107,0.9389984575683745,1.5,1.6441742165429063,2.4662613248143592
1.5,20.25565882200018,0.9381571470693882,1.5,1.6466925518037918,2.4700388277056877
1.5,20.395352625629286,0.9373102597790436,1.5,1.649246203147815,2.4738693047217226
1.5,20.535046429258397,0.9364578007315865,1.5,1.651835739928956,2.4777536098934343
1.5,20.6747402328875,0.9355997749943835,1.5,1.654461745363138,2.481692618044707
1.5,20.814434036516612,0.934736187667892,1.5,1.657124816944026,2.485687225416039
1.5,20.954127840145723,0.9338670438856299,1.5,1.6598255668742923,2.489738350311438
1.5,21.09382164377483,0.9329923488141445,1.5,1.6625646225130353,2.4938469337695524
1.5,21.23351544740394,0.9321121076529827,1.5,1.665342626840051,2.4980139402600767
1.5,21.373209251033046,0.9312263256346595,1.5,1.6681602389377281,2.5022403584065924
1.5,21.512903054662157,0.9303350080246268,1.5,1.6710181344913404,2.506527201737011
1.5,21.65259685829126,0.9294381601212425,1.5,1.6739170063085735,2.5108755094628603
1.5,21.79229066192037,0.928535787255739,1.5,1.6768575648591648,2.515286347288747
1.5,21.93198446554948,0.9276278947921912,1.5,1.6798405388355702,2.519760808253355
1.5,22.071678269178587,0.9267144881274847,1.5,1.6828666757356348,2.524300013603452
1.5,22.211372072807695,0.9257955726912838,1.5,1.6859367424682825,2.528905113702424
1.5,22.351065876436802,0.9248711539459992,1.5,1.689051525983307,2.5335772889749606
1.5,22.49075968006591,0.9239412373867556,1.5,1.6922118339263998,2.5383177508896
1.5,22.63045348369502,0.9230058285413589,1.5,1.6954184953206055,2.5431277429809085
1.5,22.770147287324125,0.9220649329702635,1.5,1.6986723612754826,2.548008541913224
1.5,22.909841090953236,0.921118556266539,1.5,1.7019743057252863,2.5529614585879297
1.5,23.049534894582344,0.9201667040558372,1.5,1.7053252261975977,2.5579878392963966
1.5,23.18922869821145,0.9192093819963586,1.5,1.708726044613879,2.563089066920819
1.5,23.32892250184056,0.9182465957788185,1.5,1.7121777081235259,2.568266562185289
1.5,23.468616305469666,0.9172783511264138,1.5,1.715681189973087,2.57352178495963
1.5,23.608310109098777,0.9163046537947881,1.5,1.719237490412405,2.5788562356186073
1.5,23.74800391272788,0.9153255095719984,1.5,1.7228476376395356,2.584271456459304
1.5,23.887697716356993,0.91434092427848,1.5,1.7265126887864224,2.5897690331796337
1.5,24.0273915199861,0.9133509037670122,1.5,1.7302337309474076,2.5953505964211114
1.5,24.167085323615208,0.9123554539226836,1.5,1.734011882252789,2.601017823379183
1.5,24.306779127244315,0.9113545806628567,1.5,1.7378482929897698,2.6067724394846543
1.5,24.446472930873423,0.9103482899371333,1.5,1.741744146773278,2.612616220159917
1.5,24.586166734502534,0.9093365877273187,1.5,1.7457006617692963,2.6185509926539448
1.5,24.725860538131638,0.9083194800473865,1.5,1.7497190919734975,2.6245786379602465
1.5,24.86555434176075,0.9072969729434421,1.5,1.7538007285481556,2.630701092822233
1.5,25.005248145389857,0.9062690724936879,1.5,1.7579469012204845,2.6369203518307267
1.5,25.144941949018964,0.9052357848083863,1.5,1.762158979745767,2.643238469618651
1.5,25.28463575264807,0.9041971160298234,1.5,1.7664383754388342,2.6496575631582515
1.5,25.42432955627718,0.9031530723322734,1.5,1.770786542777685,2.6561798141665274
1.5,25.56402335990629,0.9021036599219604,1.5,1.7752049810833053,2.6628074716249577
1.5,25.703717163535394,0.9010488850370229,1.5,1.7796952362799678,2.6695428544199515
1.5,25.843410967164505,0.8999887539474759,1.5,1.7842589027406115,2.6763883541109177
1.5,25.983104770793613,0.8989232729551742,1.5,1.7888976252221882,2.6833464378332823
1.5,26.12279857442272,0.897852448393774,1.5,1.793613100896193,2.69041965134429
1.5,26.262492378051828,0.8967762866286966,1.5,1.7984070814799415,2.6976106222199125
1.5,26.402186181680936,0.8956947940570893,1.5,1.8032813754745485,2.704922063211823
1.5,26.541879985310047,0.8946079771077882,1.5,1.8082378505159629,2.7123567757739444
1.5,26.68157378893915,0.8935158422412794,1.5,1.8132784358458474,2.7199176537687713
1.5,26.82126759256826,0.8924183959496613,1.5,1.8184051249095834,2.727607687364375
1.5,26.96096139619737,0.8913156447566051,1.5,1.8236199780891835,2.7354299671337756
1.5,27.100655199826477,0.890207595217317,1.5,1.8289251255794416,2.7433876883691624
1.5,27.240349003455584,0.8890942539184983,1.5,1.8343227704162801,2.7514841556244205
1.5,27.380042807084692,0.8879756274783069,1.5,1.8398151916668593,2.759722787500289
1.5,27.5197366107138,0.8868517225463179,1.5,1.8454047477917574,2.768107121687636
1.5,27.659430414342907,0.8857225458034838,1.5,1.8510938801902697,2.7766408202854045
1.5,27.799124217972018,0.8845881039620946,1.5,1.8568851169407075,2.7853276754110614
1.5,27.938818021601126,0.8834484037657389,1.5,1.8627810767484745,2.7941716151227114
1.5,28.078511825230233,0.8823034519892624,1.5,1.8687844731156715,2.803176709673507
1.5,28.218205628859344,0.8811532554387287,1.5,1.874898118747057,2.8123471781205858
1.5,28.35789943248845,0.8799978209513786,1.5,1.8811249302083062,2.821687395312459
1.5,28.497593236117556,0.878837155395589,1.5,1.8874679328538169,2.831201899280725
1.5,28.637287039746663,0.8776712656708328,1.5,1.8939302660426405,2.8408953990639607
1.5,28.776980843375775,0.8765001587076372,1.5,1.9005151886626321,2.8507727829939484
1.5,28.916674647004882,0.8753238414675429,1.5,1.9072260849845375,2.8608391274768064
1.5,29.05636845063399,0.8741423209430629,1.5,1.9140664708695247,2.871099706304287
1.5,29.1960622542631,0.8729556041576402,1.5,1.9210400003556087,2.881560000533413
1.5,29.33575605789221,0.8717636981656067,1.5,1.9281504726505718,2.892225708975858
1.5,29.475449861521316,0.8705666100521412,1.5,1.9354018395613017,2.903102759341953
1.5,29.61514366515042,0.8693643469332272,1.5,1.9427982133920667,2.9141973200880997
1.5,29.754837468779527,0.8681569159556101,1.5,1.9503438753470514,2.925515813020577
1.5,29.89453127240864,0.8669443242967556,1.5,1.9580432844755777,2.937064926713367
1.5,30.034225076037746,0.8657265791648066,1.5,1.9659010872018856,2.948851630802828
1.5,30.173918879666857,0.8645036877985401,1.5,1.9739221274850578,2.9608831912275866
1.5,30.313612683295958,0.8632756574673249,1.5,1.982111457658894,2.973167186488341
1.5,30.45330648692507,0.8620424954710773,1.5,1.9904743500060642,2.985711525009096
1.5,30.593000290554176,0.8608042091402187,1.5,1.9990163091259805,2.998524463688971
1.5,30.732694094183284,0.8595608058356315,1.5,2.0077430851614455,3.0116146277421683
1.5,30.872387897812395,0.8583122929486159,1.5,2.0166606879553233,3.0249910319329847
1.5,31.012081701441502,0.8570586779008449,1.5,2.025775402215434,3.0386631033231515
1.5,31.151775505070614,0.8557999681443214,1.5,2.0350938037735133,3.05264070566027
1.5,31.29146930869972,0.8545361711613328,1.5,2.044622777032628,3.0669341655489415
1.5,31.43116311232883,0.8532672944644077,1.5,2.0543695337069607,3.081554300560441
1.5,31.570856915957933,0.8519933455962703,1.5,2.064341632968505,3.096512449452757
1.5,31.71055071958704,0.8507143321297955,1.5,2.0745470031270354,3.1118205046905536
1.5,31.85024452321615,0.8494302616679649,1.5,2.084993964983043,3.1274909474745645
1.5,31.98993832684526,0.8481411418438205,1.5,2.095691257008164,3.1435368855122454
1.5,32.12963213047437,0.84684698032042,1.5,2.106648062524353,3.15997209378653
1.5,32.26932593410347,0.8455477847907912,1.5,2.117874039071817,3.176811058607725
1.5,32.40901973773258,0.8442435629778855,1.5,2.1293793501768405,3.1940690252652604
1.5,32.548713541361685,0.842934322634533,1.5,2.1411746997545222,3.211762049631783
1.5,32.6884073449908,0.8416200715433962,1.5,2.1532713694083285,3.2299070541124926
1.5,32.82810114861991,0.8403008175169232,1.5,2.1656812589189016,3.2485218883783524
1.5,32.967794952249015,0.8389765683973017,1.5,2.1784169302491003,3.26762539537365
1.5,33.10748875587812,0.8376473320564124,1.5,2.1914916554315496,3.287237483147324
1.5,33.24718255950723,0.8363131163957818,1.5,2.204919468749687,3.30737920312453
1.5,33.386876363136345,0.8349739293465358,1.5,2.2187152236742693,3.3280728355114038
1.5,33.526570166765445,0.8336297788693524,1.5,2.2328946550756124,3.3493419826134185
1.5,33.66626397039455,0.8322806729544138,1.5,2.2474744472985857,3.3712116709478788
1.5,33.80595777402366,0.8309266196213595,1.5,2.262472308763993,3.3937084631459893
1.5,33.945651577652775,0.8295676269192388,1.5,2.277907053848173,3.41686058077226
1.5,34.08534538128188,0.8282037029264625,1.5,2.2937986928943124,3.4406980393414686
1.5,34.22503918491098,0.8268348557507548,1.5,2.3101685313264717,3.465252796989707
1.5,34.36473298854009,0.8254610935291053,1.5,2.3270392789735843,3.4905589184603762
1.5,34.5044267921692,0.8240824244277211,1.5,2.3444351708689437,3.5166527563034156
1.5,34.64412059579831,0.8226988566419774,1.5,2.362382100975106,3.543573151462659
1.5,34.78381439942742,0.8213103983963692,1.5,2.380907770499606,3.5713616557494086
1.5,34.92350820305653,0.8199170579444627,1.5,2.4000418527193084,3.600062779078963
1.5,35.063202006685636,0.8185188435688457,1.5,2.4198161765279993,3.6297242647919994
1.5,35.20289581031474,0.8171157635810786,1.5,2.4402649312715807,3.660397396907371
1.5,35.34258961394386,0.8157078263216452,1.5,2.461424895849036,3.692137343773554
1.5,35.48228341757296,0.8142950401599027,1.5,2.4833356955484387,3.725003543322658
1.5,35.621977221202066,0.8128774134940321,1.5,2.5060400906721356,3.7590601360082037
1.5,35.76167102483117,0.8114549547509886,1.5,2.529584301704401,3.7943764525566017
1.5,35.90136482846029,0.8100276723864511,1.5,2.554018376613966,3.831027564920949
1.5,36.041058632089396,0.8085955748847722,1.5,2.5793966068945444,3.8690949103418166
1.5,36.1807524357185,0.8071586707589276,1.5,2.605778000169596,3.908667000254394
1.5,36.3204462393476,0.8057169685504654,1.5,2.6332268186736156,3.949840228010423
1.5,36.46014004297671,0.8042704768294555,1.5,2.661813194736425,3.992719792104638
1.5,36.599833846605826,0.802819204194439,1.5,2.691613836622287,4.03742075493343
1.5,36.73952765023493,0.8013631592723763,1.5,2.7227128408190415,4.084069261228562
1.5,36.87922145386404,0.7999023507185964,1.5,2.7552026302725126,4.132803945408769
1.5,37.01891525749315,0.7984367872167452,1.5,2.789185042298952,4.183777563448428
1.5,37.158609061122256,0.796966477478734,1.5,2.8247725952205514,4.237158892830828
1.5,37.29830286475137,0.7954914302446878,1.5,2.8620899694700905,4.2931349542051365
1.5,37.43799666838047,0.7940116542828932,1.5,2.9012757474191573,4.351913621128735
1.5,37.57769047200958,0.7925271583897461,1.5,2.9424844670627612,4.413726700594141
1.5,37.717384275638686,0.7910379513896996,1.5,2.985889058704138,4.478833588056207
1.5,37.857078079267794,0.7895440421352119,1.5,3.031683751970685,4.547525627956028
1.5,37.99677188289691,0.788045439506693,1.5,3.080087564296867,4.620131346445301
1.5,38.136465686526016,0.7865421524124524,1.5,3.1313485134446144,4.697022770166921
1.5,38.276159490155116,0.7850341897886461,1.5,3.185748738536813,4.7786231078052195
1.5,38.415853293784224,0.783521560599223,1.5,3.2436107705106036,4.865416155765906
1.5,38.55554709741334,0.7820042738358721,1.5,3.3053052697213987,4.957957904582097
1.5,38.695240901042446,0.7804823385179693,1.5,3.3712606542476817,5.056890981371522
1.5,38.834934704671554,0.7789557636925232,1.5,3.4419751900584465,5.16296278508767
1.5,38.97462850830066,0.7774245584341212,1.5,3.5180323229558703,5.277048484433805
1.5,39.11432231192977,0.7758887318448763,1.5,3.600120331846124,5.4001804977691865
1.5,39.25401611555888,0.7743482930543725,1.5,3.6890578200372284,5.533586730055843
1.5,39.393709919187984,0.7728032512196106,1.5,3.785827210464307,5.678740815696461
1.5,39.53340372281709,0.7712536155249536,1.5,3.891619393929316,5.837429090893973
1.5,39.6730975264462,0.7696993951820728,1.5,4.007894201028807,6.011841301543212
1.5,39.81279133007531,0.7681405994298919,1.5,4.136463780663498,6.204695670995247
1.5,39.95248513370442,0.7665772375345331,1.5,4.279609896679068,6.419414845018602
1.5,40.09217893733353,0.7650093187892615,1.5,4.440252749994869,6.6603791249923034
1.5,40.231872740962636,0.7634368525144302,1.5,4.622200396370252,6.933300594555377
1.5,40.37156654459174,0.7618598480574243,1.5,4.830528556236804,7.245792834355207
1.5,40.51126034822085,0.760278314792606,1.5,5.072179851821004,7.608269777731505
1.5,40.65095415184996,0.7586922621212585,1.5,5.356949917833349,8.035424876750024
1.5,40.790647955479066,0.7571016994715303,1.5,5.699194967924069,8.548792451886102
1.5,40.930341759108174,0.7555066362983789,1.5,6.120980804642206,9.181471206963309
1.5,41.07003556273728,0.753907082083515,1.5,6.658373796054494,9.987560694081742
1.5,41.209729366366396,0.7523030463353455,1.5,7.375407358366786,11.06311103755018
1.5,41.3494231699955,0.7506945385889179,1.5,8.399987248277439,12.599980872416157
1.5,41.489116973624604,0.7490815684058626,1.5,10.039070769252282,15.058606153878422
1.5,41.62881077725371,0.7474641453743368,1.5,13.324029088576264,19.986043632864394
1.5,41.76850458088282,0.7458422791089674,1.5,27.697026545323993,41.54553981798599
2.0,5.729577951308232e-05,0.9999999999995,2.0,2.0000000000030003,4.0000000000060005
2.0,0.10029121786720703,0.9999984680293718,2.0,2.00000919190826,4.00001838381652
2.0,0.20052513995490098,0.9999938756224975,2.0,2.000036747615355,4.00007349523071
2.0,0.30075906204259495,0.9999862227929321,2.0,2.0000826700762153,4.000165340152431
2.0,0.4009929841302889,0.9999755095640968,2.0,2.0001469642109013,4.000293928421803
2.0,0.5012269062179828,0.9999617359687785,2.0,2.000229636909005,4.00045927381801
2.0,0.6014608283056767,0.9999449020491306,2.0,2.0003306970315977,4.000661394063195
2.0,0.7016947503933707,0.9999250078566724,2.0,2.000450155413747,4.000900310827494
2.0,0.8019286724810647,0.9999020534522887,2.0,2.0005880248675907,4.001176049735181
2.0,0.9021625945687587,0.9998760389062303,2.0,2.0007443201859734,4.001488640371947
2.0,1.0023965166564526,0.9998469642981131,2.0,2.0009190581466543,4.0018381162933085
2.0,1.1026304387441466,0.9998148297169184,2.0,2.0011122575170703,4.002224515034141
2.0,1.2028643608318406,0.999779635260992,2.0,2.0013239390596844,4.002647878119369
2.0,1.3030982829195346,0.9997413810380447,2.0,2.0015541255378926,4.003108251075785
2.0,1.4033322050072286,0.9997000671651509,2.0,2.0018028417225193,4.003605683445039
2.0,1.5035661270949225,0.9996556937687497,2.0,2.0020701143988804,4.004140228797761
2.0,1.6038000491826163,0.9996082609846432,2.0,2.0023559723744415,4.004711944748883
2.0,1.7040339712703103,0.9995577689579965,2.0,2.0026604464870577,4.005320892974115
2.0,1.8042678933580043,0.9995042178433375,2.0,2.0029835696138085,4.005967139227617
2.0,1.9045018154456983,0.9994476078045565,2.0,2.0033253766804244,4.006650753360849
2.0,2.0047357375333923,0.999387939014905,2.0,2.0036859046713293,4.007371809342659
2.0,2.1049696596210863,0.9993252116569958,2.0,2.0040651926402764,4.008130385280553
2.0,2.2052035817087803,0.9992594259228024,2.0,2.0044632817216086,4.008926563443217
2.0,2.3054375037964743,0.9991905820136582,2.0,2.0048802151421343,4.009760430284269
2.0,2.405671425884168,0.999118680140256,2.0,2.0053160382336346,4.010632076467269
2.0,2.505905347971862,0.999043720522647,2.0,2.005770798446006,4.011541596892012
2.0,2.606139270059556,0.998965703390241,2.0,2.006244545361033,4.012489090722066
2.0,2.70637319214725,0.9988846289818047,2.0,2.0067373307068306,4.013474661413661
2.0,2.806607114234944,0.9988004975454619,2.0,2.0072492083729263,4.014498416745853
2.0,2.906841036322638,0.9987133093386914,2.0,2.007780234426023,4.015560468852046
2.0,3.007074958410332,0.9986230646283281,2.0,2.008330467126424,4.016660934252848
2.0,3.107308880498026,0.9985297636905603,2.0,2.0088999669451577,4.017799933890315
2.0,3.2075428025857198,0.9984334068109303,2.0,2.0094887965817847,4.018977593163569
2.0,3.3077767246734138,0.9983339942843324,2.0,2.01009702098292,4.02019404196584
2.0,3.4080106467611078,0.9982315264150132,2.0,2.0107247073614607,4.021449414722921
2.0,3.5082445688488013,0.9981260035165693,2.0,2.011371925216556,4.022743850433112
2.0,3.6084784909364953,0.9980174259119475,2.0,2.0120387463542997,4.024077492708599
2.0,3.7087124130241893,0.9979057939334431,2.0,2.0127252449091877,4.025450489818375
2.0,3.8089463351118833,0.9977911079226994,2.0,2.0134314973663305,4.026862994732661
2.0,3.9091802571995773,0.9976733682307061,2.0,2.0141575825844455,4.028315165168891
2.0,4.009414179287271,0.9975525752177986,2.0,2.014903581819643,4.029807163639286
2.0,4.109648101374965,0.9974287292536569,2.0,2.0156695787500114,4.031339157500023
2.0,4.209882023462659,0.9973018307173043,2.0,2.0164556595010277,4.032911319002055
2.0,4.310115945550353,0.9971718799971063,2.0,2.0172619126717977,4.034523825343595
2.0,4.410349867638047,0.9970388774907696,2.0,2.0180884293621526,4.036176858724305
2.0,4.510583789725741,0.9969028236053404,2.0,2.0189353032006085,4.037870606401217
2.0,4.610817711813435,0.9967637187572038,2.0,2.019802630373211,4.039605260746422
2.0,4.711051633901129,0.9966215633720821,2.0,2.0206905096532837,4.041381019306567
2.0,4.811285555988823,0.9964763578850332,2.0,2.0215990424320998,4.0431980848641995
2.0,4.911519478076517,0.9963281027404504,2.0,2.022528332750481,4.045056665500962
2.0,5.011753400164211,0.9961767983920595,2.0,2.0234784873313725,4.046956974662745
2.0,5.111987322251904,0.996022445302919,2.0,2.024449615613385,4.04889923122677
2.0,5.212221244339599,0.9958650439454171,2.0,2.0254418297853434,4.050883659570687
2.0,5.312455166427292,0.9957045948012717,2.0,2.0264552448218542,4.0529104896437085
2.0,5.412689088514987,0.9955410983615278,2.0,2.027489978519923,4.054979957039846
2.0,5.51292301060268,0.9953745551265569,2.0,2.0285461515366334,4.057092303073267
2.0,5.613156932690375,0.9952049656060548,2.0,2.029623887427928,4.059247774855856
2.0,5.713390854778068,0.9950323303190401,2.0,2.0307233126884987,4.061446625376997
2.0,5.813624776865763,0.9948566497938531,2.0,2.0318445567928274,4.063689113585655
2.0,5.913858698953456,0.9946779245681538,2.0,2.032987752237391,4.065975504474782
2.0,6.014092621041151,0.9944961551889203,2.0,2.0341530345840733,4.0683060691681465
2.0,6.114326543128844,0.994311342212447,2.0,2.0353405425047977,4.070681085009595
2.0,6.214560465216538,0.9941234862043433,2.0,2.0365504178274167,4.0731008356548335
2.0,6.314794387304232,0.9939325877395315,2.0,2.0377828055828973,4.0755656111657945
2.0,6.415028309391926,0.9937386474022452,2.0,2.039037854053815,4.07807570810763
2.0,6.51526223147962,0.9935416657860272,2.0,2.0403157148242124,4.080631429648425
2.0,6.615496153567314,0.9933416434937286,2.0,2.0416165428308295,4.083233085661659
2.0,6.715730075655008,0.9931385811375056,2.0,2.042940496415777,4.085880992831554
2.0,6.815963997742702,0.9929324793388189,2.0,2.0442877373806496,4.088575474761299
2.0,6.916197919830396,0.9927233387284307,2.0,2.0456584310421437,4.0913168620842875
2.0,7.01643184191809,0.9925111599464038,2.0,2.0470527462892103,4.094105492578421
2.0,7.116665764005784,0.9922959436420988,2.0,2.0484708556417854,4.096941711283571
2.0,7.216899686093478,0.9920776904741728,2.0,2.0499129353111356,4.099825870622271
2.0,7.317133608181172,0.9918564011105766,2.0,2.0513791652618667,4.102758330523733
2.0,7.417367530268866,0.9916320762285535,2.0,2.052869729275636,4.105739458551272
2.0,7.517601452356558,0.9914047165146366,2.0,2.054384815016621,4.108769630033242
2.0,7.617835374444254,0.991174322664647,2.0,2.0559246140987866,4.111849228197573
2.0,7.718069296531948,0.9909408953836916,2.0,2.0574893221550017,4.114978644310003
2.0,7.818303218619642,0.9907044353861608,2.0,2.059079138908058,4.118158277816116
2.0,7.918537140707334,0.9904649433957268,2.0,2.0606942682436475,4.121388536487295
2.0,8.018771062795029,0.9902224201453406,2.0,2.062334918285343,4.124669836570686
2.0,8.119004984882725,0.9899768663772305,2.0,2.064001301471655,4.12800260294331
2.0,8.219238906970418,0.9897282828428994,2.0,2.0656936346352053,4.131387269270411
2.0,8.31947282905811,0.9894766703031227,2.0,2.067412139084098,4.134824278168196
2.0,8.419706751145805,0.9892220295279458,2.0,2.0691570406855355,4.138314081371071
2.0,8.5199406732335,0.9889643612966819,2.0,2.070928569951754,4.141857139903508
2.0,8.620174595321194,0.9887036663979095,2.0,2.0727269621283435,4.145453924256687
2.0,8.720408517408886,0.9884399456294701,2.0,2.0745524572850274,4.149104914570055
2.0,8.82064243949658,0.9881731997984656,2.0,2.076405300408964,4.152810600817928
2.0,8.920876361584275,0.9879034297212561,2.0,2.0782857415006584,4.156571483001317
2.0,9.02111028367197,0.9876306362234571,2.0,2.080194035672556,4.160388071345112
2.0,9.121344205759662,0.9873548201399371,2.0,2.082130443250407,4.164260886500814
2.0,9.221578127847357,0.9870759823148151,2.0,2.084095229877466,4.168190459754932
2.0,9.321812049935051,0.9867941236014578,2.0,2.086088666621646,4.172177333243292
2.0,9.422045972022746,0.9865092448624774,2.0,2.088111030085689,4.176222060171378
2.0,9.522279894110438,0.9862213469697286,2.0,2.0901626025204627,4.180325205040925
2.0,9.622513816198133,0.985930430804306,2.0,2.0922436719414788,4.1844873438829575
2.0,9.722747738285827,0.9856364972565416,2.0,2.094354532248729,4.188709064497458
2.0,9.82298166037352,0.9853395472260016,2.0,2.0964954833499547,4.1929909666999094
2.0,9.923215582461214,0.9850395816214843,2.0,2.0986668312874452,4.1973336625748905
2.0,10.023449504548909,0.9847366013610169,2.0,2.100868888368492,4.201737776736984
2.0,10.123683426636603,0.9844306073718526,2.0,2.1031019732996064,4.206203946599213
2.0,10.223917348724296,0.9841216005904684,2.0,2.105366411324629,4.210732822649258
2.0,10.32415127081199,0.9838095819625611,2.0,2.1076625343668622,4.2153250687337245
2.0,10.424385192899685,0.9834945524430455,2.0,2.10999068117534,4.21998136235068
2.0,10.52461911498738,0.9831765129960512,2.0,2.1123511974753884,4.224702394950777
2.0,10.624853037075072,0.9828554645949191,2.0,2.114744436123627,4.229488872247254
2.0,10.725086959162766,0.9825314082221992,2.0,2.117170757267526,4.234341514535052
2.0,10.82532088125046,0.9822043448696468,2.0,2.119630528509712,4.239261057019424
2.0,10.925554803338155,0.9818742755382205,2.0,2.1221241250771548,4.2442482501543095
2.0,11.025788725425848,0.9815412012380778,2.0,2.12465192999542,4.24930385999084
2.0,11.12602264751354,0.9812051229885732,2.0,2.127214334268142,4.254428668536284
2.0,11.226256569601237,0.9808660418182547,2.0,2.1298117370619174,4.259623474123835
2.0,11.326490491688931,0.98052395876486,2.0,2.1324445458967944,4.264889091793589
2.0,11.426724413776624,0.9801788748753146,2.0,2.1351131768425478,4.2702263536850955
2.0,11.526958335864316,0.9798307912057274,2.0,2.137818054720966,4.275636109441932
2.0,11.627192257952013,0.9794797088213879,2.0,2.140559613314333,4.281119226628666
2.0,11.727426180039707,0.9791256287967635,2.0,2.14333829558034,4.28667659116068
2.0,11.8276601021274,0.9787685522154952,2.0,2.1461545538736626,4.292309107747325
2.0,11.927894024215092,0.978408480170395,2.0,2.1490088501744298,4.2980177003488595
2.0,12.028127946302787,0.9780454137634421,2.0,2.1519016563238353,4.303803312647671
2.0,12.128361868390483,0.9776793541057803,2.0,2.1548334542671537,4.309666908534307
2.0,12.228595790478176,0.9773103023177138,2.0,2.1578047363044424,4.315609472608885
2.0,12.328829712565868,0.9769382595287035,2.0,2.1608160053491923,4.3216320106983845
2.0,12.429063634653563,0.9765632268773651,2.0,2.163867775195225,4.32773555039045
2.0,12.529297556741257,0.9761852055114637,2.0,2.166960570792165,4.33392114158433
2.0,12.629531478828952,0.9758041965879116,2.0,2.1700949285297737,4.340189857059547
2.0,12.729765400916644,0.9754202012727645,2.0,2.173271396531507,4.346542793063014
2.0,12.829999323004339,0.9750332207412175,2.0,2.1764905349576327,4.352981069915265
2.0,12.930233245092033,0.9746432561776017,2.0,2.17975291631827,4.35950583263654
2.0,13.030467167179728,0.974250308775381,2.0,2.1830591257967433,4.366118251593487
2.0,13.13070108926742,0.9738543797371477,2.0,2.186409761583632,4.372819523167264
2.0,13.230935011355115,0.9734554702746196,2.0,2.189805435221945,4.37961087044389
2.0,13.33116893344281,0.9730535816086358,2.0,2.193246771963847,4.386493543927694
2.0,13.431402855530504,0.9726487149691528,2.0,2.1967344111393947,4.393468822278789
2.0,13.531636777618196,0.9722408715952415,2.0,2.2002690065377504,4.400538013075501
2.0,13.63187069970589,0.9718300527350825,2.0,2.2038512268013823,4.407702453602765
2.0,13.732104621793585,0.9714162596459628,2.0,2.2074817558337525,4.414963511667505
2.0,13.832338543881278,0.9709994935942721,2.0,2.211161293221055,4.42232258644211
2.0,13.932572465968972,0.9705797558554983,2.0,2.2148905546685627,4.429781109337125
2.0,14.032806388056667,0.9701570477142243,2.0,2.2186702724521803,4.437340544904361
2.0,14.133040310144361,0.9697313704641236,2.0,2.22250119588583,4.44500239177166
2.0,14.233274232232054,0.9693027254079565,2.0,2.2263840918053224,4.452768183610645
2.0,14.333508154319746,0.9688711138575661,2.0,2.2303197450693983,4.460639490138797
2.0,14.433742076407441,0.9684365371338741,2.0,2.234308959078662,4.468617918157324
2.0,14.533975998495135,0.9679989965668773,2.0,2.2383525563131528,4.4767051126263055
2.0,14.63420992058283,0.9675584934956429,2.0,2.2424513788893603,4.484902757778721
2.0,14.734443842670522,0.9671150292683048,2.0,2.2466062891374965,4.493212578274993
2.0,14.834677764758217,0.9666686052420593,2.0,2.250818170199904,4.501636340399808
2.0,14.934911686845911,0.966219222783161,2.0,2.2550879266515187,4.510175853303037
2.0,15.035145608933606,0.9657668832669185,2.0,2.25941648514333,4.51883297028666
2.0,15.1353795310213,0.9653115880776905,2.0,2.263804795069875,4.52760959013975
2.0,15.235613453108996,0.9648533386088811,2.0,2.2682538292618046,4.536507658523609
2.0,15.335847375196687,0.9643921362629362,2.0,2.2727645847046345,4.545529169409269
2.0,15.436081297284382,0.9639279824513384,2.0,2.277338083284882,4.554676166569764
2.0,15.536315219372076,0.9634608785946033,2.0,2.281975372564786,4.563950745129572
2.0,15.63654914145977,0.9629908261222748,2.0,2.2866775265869324,4.573355053173865
2.0,15.736783063547467,0.9625178264729212,2.0,2.2914456467101405,4.582891293420281
2.0,15.837016985635158,0.96204188109413,2.0,2.296280862478057,4.592561724956114
2.0,15.937250907722852,0.9615629914425043,2.0,2.3011843325219674,4.602368665043935
2.0,16.03748482981055,0.9610811589836579,2.0,2.3061572454994215,4.612314490998843
2.0,16.137718751898237,0.9605963851922106,2.0,2.3112008210703667,4.6224016421407335
2.0,16.237952673985934,0.9601086715517843,2.0,2.3163163109125597,4.6326326218251195
2.0,16.33818659607363,0.9596180195549979,2.0,2.3215049997781216,4.643009999556243
2.0,16.438420518161323,0.9591244307034634,2.0,2.326768206593235,4.65353641318647
2.0,16.53865444024902,0.9586279065077803,2.0,2.3321072856030622,4.6642145712061245
2.0,16.638888362336708,0.958128448487532,2.0,2.337523627564077,4.675047255128154
2.0,16.739122284424404,0.9576260581712804,2.0,2.343018660986169,4.686037321972338
2.0,16.8393562065121,0.9571207370965618,2.0,2.3485938534269666,4.697187706853933
2.0,16.93959012859979,0.9566124868098815,2.0,2.3542507128409844,4.708501425681969
2.0,17.039824050687486,0.95610130886671,2.0,2.359990788986368,4.719981577972736
2.0,17.14005797277518,0.9555872048314773,2.0,2.3658156748921386,4.731631349784277
2.0,17.240291894862874,0.9550701762775686,2.0,2.3717270083890445,4.743454016778089
2.0,17.34052581695057,0.9545502247873198,2.0,2.3777264737072756,4.755452947414551
2.0,17.44075973903826,0.9540273519520118,2.0,2.3838158031445333,4.767631606289067
2.0,17.540993661125956,0.9535015593718663,2.0,2.389996778808124,4.779993557616248
2.0,17.641227583213652,0.9529728486560407,2.0,2.3962712344349755,4.792542468869951
2.0,17.74146150530134,0.9524412214226231,2.0,2.4026410572937373,4.805282114587475
2.0,17.841695427389038,0.9519066792986277,2.0,2.4091081901733427,4.818216380346685
2.0,17.94192934947673,0.9513692239199892,2.0,2.415674633462737,4.831349266925474
2.0,18.042163271564426,0.9508288569315585,2.0,2.422342447326706,4.844684894653412
2.0,18.142397193652123,0.950285579987097,2.0,2.4291137539831125,4.858227507966225
2.0,18.24263111573981,0.9497393947492718,2.0,2.4359907400871554,4.871981480174311
2.0,18.342865037827508,0.9491903028896511,2.0,2.442975659228626,4.885951318457252
2.0,18.4430989599152,0.9486383060886984,2.0,2.4500708345485482,4.9001416690970965
2.0,18.543332882002893,0.9480834060357674,2.0,2.4572786614819906,4.914557322963981
2.0,18.64356680409059,0.9475256044290972,2.0,2.464601610634274,4.929203221268548
2.0,18.743800726178282,0.946964902975807,2.0,2.4720422307983183,4.944084461596637
2.0,18.84403464826598,0.9464013033918909,2.0,2.4796031521213715,4.959206304242743
2.0,18.94426857035367,0.9458348074022122,2.0,2.4872870894299033,4.974574178859807
2.0,19.044502492441364,0.9452654167404988,2.0,2.495096845722095,4.99019369144419
2.0,19.14473641452906,0.9446931331493376,2.0,2.5030353158379794,5.006070631675959
2.0,19.244970336616753,0.9441179583801688,2.0,2.5111054903179824,5.022210980635965
2.0,19.345204258704445,0.9435398941932812,2.0,2.5193104594613964,5.038620918922793
2.0,19.44543818079214,0.9429589423578064,2.0,2.527653417597127,5.055306835194254
2.0,19.545672102879834,0.9423751046517135,2.0,2.536137667579931,5.072275335159862
2.0,19.64590602496753,0.9417883828618034,2.0,2.5447666255263544,5.089533251052709
2.0,19.746139947055223,0.9411987787837041,2.0,2.553543825805569,5.107087651611138
2.0,19.846373869142916,0.9406062942218641,2.0,2.5624729263014836,5.124945852602967
2.0,19.946607791230612,0.9400109309895478,2.0,2.5715577139637027,5.143115427927405
2.0,20.046841713318305,0.9394126909088295,2.0,2.5808021106662165,5.161604221332433
2.0,20.147075635405997,0.9388115758105878,2.0,2.5902101793941936,5.180420358788387
2.0,20.247309557493693,0.9382075875345005,2.0,2.59978613078076,5.19957226156152
2.0,20.347543479581386,0.9376007279290383,2.0,2.6095343300174005,5.219068660034801
2.0,20.447777401669082,0.9369909988514592,2.0,2.6194593041634424,5.238918608326885
2.0,20.548011323756775,0.9363784021678037,2.0,2.6295657498820986,5.259131499764197
2.0,20.648245245844468,0.9357629397528877,2.0,2.639858541632827,5.279717083265654
2.0,20.748479167932164,0.9351446134902983,2.0,2.6503427403520488,5.3006854807040975
2.0,20.848713090019857,0.9345234252723864,2.0,2.661023602657043,5.322047205314086
2.0,20.94894701210755,0.9338993770002625,2.0,2.6719065906105817,5.343813181221163
2.0,21.049180934195242,0.9332724705837896,2.0,2.682997382087166,5.365994764174332
2.0,21.149414856282938,0.9326427079415781,2.0,2.6943018817850475,5.388603763570095
2.0,21.249648778370634,0.9320100910009798,2.0,2.705826232932106,5.411652465864212
2.0,21.349882700458327,0.9313746216980816,2.0,2.71757682973782,5.43515365947564
2.0,21.45011662254602,0.9307363019777002,2.0,2.7295603306480776,5.459120661296155
2.0,21.550350544633712,0.9300951337933757,2.0,2.7417836724647184,5.483567344929437
2.0,21.65058446672141,0.9294511191073658,2.0,2.75425408539719,5.50850817079438
2.0,21.7508183888091,0.9288042598906396,2.0,2.7669791091198483,5.533958218239697
2.0,21.851052310896794,0.9281545581228722,2.0,2.779966609915235,5.55993321983047
2.0,21.95128623298449,0.9275020157924374,2.0,2.7932247989911145,5.586449597982229
2.0,22.051520155072186,0.926846634896403,2.0,2.8067622520673514,5.613524504134703
2.0,22.15175407715988,0.9261884174405237,2.0,2.8205879303379158,5.6411758606758315
2.0,22.25198799924757,0.9255273654392357,2.0,2.8347112029234918,5.6694224058469835
2.0,22.352221921335264,0.9248634809156498,2.0,2.849141870941476,5.698283741882952
2.0,22.45245584342296,0.9241967659015458,2.0,2.863890193332768,5.727780386665536
2.0,22.552689765510653,0.9235272224373657,2.0,2.8789669145988093,5.7579338291976185
2.0,22.652923687598346,0.9228548525722083,2.0,2.894383294617986,5.788766589235972
2.0,22.753157609686042,0.9221796583638222,2.0,2.9101511407280145,5.820302281456029
2.0,22.853391531773735,0.9215016418785996,2.0,2.926282842280516,5.852565684561032
2.0,22.95362545386143,0.9208208051915703,2.0,2.9427914078959376,5.885582815791875
2.0,23.053859375949123,0.9201371503863951,2.0,2.959690505671619,5.919381011343238
2.0,23.154093298036816,0.9194506795553595,2.0,2.976994506623495,5.95398901324699
2.0,23.254327220124512,0.9187613947993674,2.0,2.9947185316730947,5.989437063346189
2.0,23.354561142212205,0.9180692982279341,2.0,3.012878502526662,6.025757005053324
2.0,23.454795064299898,0.917374391959181,2.0,3.031491196832996,6.062982393665992
2.0,23.555028986387594,0.9166766781198279,2.0,3.0505743080515217,6.1011486161030435
2.0,23.655262908475287,0.915976158845187,2.0,3.0701465105131325,6.140293021026265
2.0,23.755496830562983,0.9152728362791566,2.0,3.09022753021425,6.1804550604285
2.0,23.855730752650675,0.9145667125742143,2.0,3.1108382219504707,6.221676443900941
2.0,23.955964674738368,0.9138577898914103,2.0,3.1320006534714513,6.264001306942903
2.0,24.056198596826064,0.9131460704003609,2.0,3.1537381974244516,6.307476394848903
2.0,24.156432518913753,0.912431556279242,2.0,3.1760756319525667,6.352151263905133
2.0,24.25666644100145,0.9117142497147822,2.0,3.1990392509265533,6.398078501853107
2.0,24.356900363089146,0.9109941529022563,2.0,3.2226569849191438,6.4453139698382875
2.0,24.45713428517684,0.9102712680454782,2.0,3.246958534180666,6.493917068361332
2.0,24.557368207264535,0.9095455973567947,2.0,3.2719755150479686,6.543951030095937
2.0,24.657602129352227,0.9088171430570788,2.0,3.297741621419534,6.595483242839068
2.0,24.75783605143992,0.9080859073757219,2.0,3.3242928031628804,6.648585606325761
2.0,24.858069973527616,0.907351892550628,2.0,3.3516674635921175,6.703334927184235
2.0,24.958303895615305,0.9066151008282066,2.0,3.379906678471138,6.759813356942276
2.0,25.058537817703,0.9058755344633654,2.0,3.4090544393699385,6.818108878739877
2.0,25.158771739790698,0.9051331957195042,2.0,3.4391579246387063,6.878315849277413
2.0,25.25900566187839,0.9043880868685072,2.0,3.470267801779936,6.940535603559872
2.0,25.359239583966087,0.9036402101907364,2.0,3.5024385656084007,7.0048771312168014
2.0,25.459473506053776,0.9028895679750244,2.0,3.535728917312303,7.071457834624606
2.0,25.559707428141472,0.9021361625186678,2.0,3.5702021903907446,7.140404380781489
2.0,25.659941350229168,0.90137999612742,2.0,3.605926830472528,7.211853660945056
2.0,25.760175272316857,0.900621071115484,2.0,3.6429769372573704,7.285953874514741
2.0,25.860409194404554,0.8998593898055051,2.0,3.681432878309488,7.362865756618976
2.0,25.960643116492246,0.8990949545285645,2.0,3.721381986234952,7.442763972469904
2.0,26.060877038579942,0.8983277676241717,2.0,3.762919352963028,7.525838705926056
2.0,26.16111096066764,0.897557831440257,2.0,3.8061487375235457,7.612297475047091
2.0,26.261344882755328,0.8967851483331652,2.0,3.851183606989465,7.70236721397893
2.0,26.361578804843024,0.8960097206676477,2.0,3.8981483342938352,7.7962966685876705
2.0,26.46181272693072,0.8952315508168555,2.0,3.9471795816368065,7.894359163273613
2.0,26.56204664901841,0.8944506411623317,2.0,3.998427904437951,7.996855808875902
2.0,26.662280571106105,0.8936669940940046,2.0,4.05205961861055,8.1041192372211
2.0,26.762514493193798,0.8928806120101803,2.0,4.108258983800111,8.216517967600222
2.0,26.862748415281494,0.8920914973175349,2.0,4.167230767755678,8.334461535511355
2.0,26.96298233736919,0.8912996524311079,2.0,4.229203273016005,8.45840654603201
2.0,27.06321625945688,0.890505079774294,2.0,4.294431927717753,8.588863855435505
2.0,27.163450181544576,0.8897077817788366,2.0,4.363203569102751,8.726407138205502
2.0,27.26368410363227,0.8889077608848192,2.0,4.435841583339155,8.87168316667831
2.0,27.36391802571996,0.8881050195406589,2.0,4.512712111536026,9.025424223072052
2.0,27.464151947807657,0.8872995602030989,2.0,4.594231593502597,9.188463187005194
2.0,27.56438586989535,0.8864913853371998,2.0,4.680876003848249,9.361752007696499
2.0,27.664619791983046,0.885680497416334,2.0,4.773192248068622,9.546384496137245
2.0,27.76485371407074,0.8848668989221762,2.0,4.8718123419716886,9.743624683943377
2.0,27.86508763615843,0.884050592344697,2.0,4.977471214988558,9.954942429977116
2.0,27.965321558246128,0.8832315801821548,2.0,5.091029285048035,10.18205857009607
2.0,28.06555548033382,0.8824098649410884,2.0,5.213501393526857,10.427002787053715
2.0,28.165789402421513,0.8815854491363092,2.0,5.346094331886018,10.692188663772036
2.0,28.26602332450921,0.8807583352908935,2.0,5.490256146609799,10.980512293219599
2.0,28.366257246596902,0.8799285259361748,2.0,5.647741855299158,11.295483710598315
2.0,28.4664911686846,0.879096023611736,2.0,5.820702444849936,11.641404889699873
2.0,28.56672509077229,0.8782608308654016,2.0,6.011807570550659,12.023615141101319
2.0,28.666959012859984,0.8774229502532302,2.0,6.224418152897343,12.448836305794686
2.0,28.767192934947683,0.8765823843395064,2.0,6.462834768990721,12.925669537981442
2.0,28.867426857035372,0.8757391356967329,2.0,6.732664592103142,13.465329184206285
2.0,28.967660779123065,0.8748932069056228,2.0,7.041380110537868,14.082760221075736
2.0,29.06789470121076,0.8740446005550915,2.0,7.399200553468148,14.798401106936296
2.0,29.168128623298454,0.8731933192422491,2.0,7.820542240260539,15.641084480521078
2.0,29.268362545386147,0.8723393655723923,2.0,8.326529798100779,16.653059596201558
2.0,29.368596467473843,0.8714827421589961,2.0,8.949626795405795,17.89925359081159
2.0,29.468830389561536,0.8706234516237066,2.0,9.74288578627197,19.48577157254394
2.0,29.569064311649228,0.869761496596332,2.0,10.800482225864073,21.600964451728146
2.0,29.669298233736924,0.8688968797148349,2.0,12.310498368635217,24.620996737270435
2.0,29.769532155824617,0.868029603625325,2.0,14.724229911974803,29.448459823949605
2.0,29.869766077912313,0.8671596709820498,2.0,19.55775112309105,39.1155022461821
2.0,29.970000000000006,0.8662870844473873,2.0,40.68767798607831,81.37535597215663
