d_nm,condition_number
300.0,10.496017361990972
301.417372934939,9.960105504580154
302.834745869878,9.477641894872749
304.25211880481703,9.079546552658611
305.66949173975604,8.775775858600449
307.08686467469505,8.564100688679344
308.50423760963406,8.43663267406386
309.9216105445731,8.383683293553021
311.33898347951214,8.39571709421112
312.75635641445115,8.464187561306519
314.17372934939016,8.581791432261099
315.59110228432917,8.742450610587985
317.0084752192682,8.941184433713493
318.4258481542072,9.173952133433797
319.8432210891462,9.437501611041057
321.2605940240852,9.72923875054602
322.6779669590242,10.047121089734746
324.0953398939632,10.389575105539535
325.5127128289023,10.755434678274757
326.9300857638413,11.143897961585115
328.3474586987803,11.554500146380134
329.7648316337193,11.987100105919586
331.18220456865834,12.441879484012535
332.59957750359735,12.919353376520425
334.01695043853636,13.4203923419279
335.43432337347537,13.946256062789274
336.8516963084144,14.498639575302317
338.2690692433534,15.079733597537022
339.6864421782924,15.692301122630381
341.10381511323146,16.33977309860098
342.5211880481705,17.026366672458916
343.9385609831095,17.757230079482444
345.3559339180485,18.53861868193314
346.7733068529875,19.378106627539598
348.1906797879265,20.284837529201198
349.6080527228655,21.2698142990714
351.02542565780453,22.346220503427418
352.44279859274354,23.529748866873465
353.86017152768255,24.83887825461129
355.27754446262156,26.294972357598258
356.69491739756063,27.92194148181525
358.1122903324996,29.744960893751674
359.52966326743865,31.787292650711752
360.94703620237766,34.06351573967654
362.36440913731667,36.56643666423687
363.7817820722557,39.244167829342956
365.1991550071947,41.96551055185354
366.6165279421337,44.48123852390543
368.0339008770727,46.41224515736029
369.4512738120117,47.32092583648959
370.86864674695073,46.892344536736665
372.2860196818898,45.12455010679663
373.70339261682875,42.3466708656947
375.1207655517678,39.038499179114424
376.5381384867068,35.62499749798758
377.95551142164584,32.38278932178014
379.37288435658485,29.448870225306802
380.79025729152386,26.866743988260595
382.20763022646287,24.62903867490501
383.6250031614019,22.705502334841338
385.0423760963409,21.058483328698593
386.4597490312799,19.650481427176256
387.8771219662189,18.44733453976323
389.2944949011579,17.41921112623497
390.711867836097,16.540589093930475
392.12924077103594,15.789821810546222
393.546613705975,15.14858032929756
394.963986640914,14.60130204849217
396.381359575853,14.134698195417542
397.79873251079204,13.737336088939653
399.21610544573105,13.399296248446097
400.63347838067006,13.111898402702268
402.05085131560907,12.867488924164235
403.4682242505481,12.659282485211634
404.8855971854871,12.481251488192417
406.30297012042615,12.328057454568434
407.7203430553651,12.195018842826158
409.1377159903042,12.078109689827006
410.5550889252432,11.973983156215263
411.9724618601822,11.880013700157857
413.3898347951212,11.794351433810991
414.8072077300602,11.715982449487269
416.2245806649992,11.644789693031665
417.64195359993823,11.58161035536301
419.05932653487724,11.528287631701726
420.47669946981625,11.48771671936207
421.8940724047553,11.463886426347779
423.3114453396943,11.461917576227432
424.72881827463334,11.48809547128383
426.14619120957235,11.549882351450673
427.56356414451136,11.655870432045761
428.98093707945037,11.815584900831823
430.3983100143894,12.038949353650317
431.8156829493284,12.33505513295629
433.2330558842674,12.709608361806497
434.6504288192064,13.160117076461287
436.0678017541454,13.667870724146972
437.4851746890845,14.18712926187639
438.90254762402344,14.636605294933698
440.3199205589625,14.906281445772516
441.73729349390146,14.893715085412317
443.1546664288405,14.559549913474347
444.57203936377954,13.956034026973231
445.98941229871855,13.196929084742388
447.40678523365756,12.39923400620614
448.82415816859657,11.645457326846557
450.2415311035356,10.97808816791405
451.6589040384746,10.410544505326571
453.07627697341366,9.939918455928817
454.4936499083526,9.556004155834934
455.9110228432917,9.246425693016784
457.32839577823063,8.999130785708875
458.7457687131697,8.803398158091568
460.16314164810865,8.650093000891248
461.5805145830477,8.531579617604537
462.9978875179867,8.441504839274884
464.41526045292574,8.374560504966063
465.83263338786475,8.326277737110797
467.25000632280376,8.292873899084544
468.66737925774277,8.271152578989783
470.0847521926818,8.258444216389035
471.50212512762084,8.252569979267214
472.9194980625598,8.251813237126644
474.33687099749886,8.254888548313646
475.7542439324378,8.260904104198787
477.1716168673769,8.269317893245663
478.5889898023159,8.279889958752582
480.0063627372549,8.292633559114455
481.4237356721939,8.307767594403922
482.8411086071329,8.325671950607239
484.25848154207193,8.346846762200895
485.67585447701094,8.371876119366693
487.09322741195,8.401396446557344
488.51060034688896,8.436069608693288
489.92797328182803,8.476560708302014
491.345346216767,8.523520478970555
492.76271915170605,8.577572127956607
494.18009208664506,8.63930241567523
495.59746502158407,8.709256672940695
497.0148379565231,8.787937345185036
498.4322108914621,8.875805516508887
499.8495838264011,8.973284706187718
501.2669567613401,9.080766045791004
502.6843296962792,9.198613733752818
504.10170263121813,9.327169421500082
505.5190755661572,9.466753906786296
506.93644850109615,9.617664196220064
508.3538214360352,9.78016366321158
509.7711943709742,9.954462706881673
511.18856730591324,10.140687089080426
512.6059402408523,10.33883112734033
514.0233131757913,10.548693367665015
515.4406861107302,10.769793559549015
516.8580590456693,11.00127208827665
518.2754319806083,11.24177686921374
519.6928049155473,11.489348288639425
521.1101778504864,11.741319830581336
522.5275507854253,11.994259432345366
523.9449237203644,12.243982004003195
525.3622966553033,12.48566335466019
526.7796695902424,12.714076064205157
528.1970425251814,12.923946349811123
529.6144154601204,13.11039978138383
531.0317883950595,13.269431006471564
532.4491613299984,13.398311370497563
533.8665342649374,13.495850492224172
535.2839071998765,13.562457184347418
536.7012801348155,13.599992920213504
538.1186530697545,13.61145961514793
539.5360260046936,13.60059531215499
540.9533989396325,13.571457979729681
542.3707718745716,13.528062195386333
543.7881448095106,13.474106586864321
545.2055177444496,13.4128028418683
546.6228906793885,13.346797180929483
548.0402636143276,13.278164624323205
549.4576365492667,13.208453756260008
550.8750094842056,13.138762109543109
552.2923824191447,13.069826992433201
553.7097553540837,13.002121621152524
555.1271282890227,12.935950774104656
556.5445012239618,12.871543490114204
557.9618741589007,12.809142630387708
559.3792470938397,12.749092626592041
560.7966200287788,12.691927702164934
562.2139929637178,12.638463513257676
563.6313658986568,12.589895691706145
565.0487388335957,12.547909307433272
566.4661117685348,12.514803851755172
567.8834847034739,12.493638917106596
569.3008576384128,12.488406049136827
570.7182305733518,12.504231584612748
572.1356035082908,12.5476120607862
573.5529764432299,12.626674430106437
574.970349378169,12.751430146175075
576.3877223131079,12.93393901895878
577.8050952480469,13.188182884589356
579.222468182986,13.52920959234109
580.639841117925,13.970650102202356
582.057214052864,14.518966075641352
583.4745869878029,15.162032144112016
584.891959922742,15.850563879864312
586.309332857681,16.478138260195692
587.72670579262,16.88349979777962
589.1440787275591,16.9098225212143
590.561451662498,16.50705098109627
591.9788245974371,15.777189117237961
593.3961975323762,14.903436370777746
594.8135704673151,14.046800751389156
596.2309434022541,13.30063130316098
597.6483163371931,12.699390292922416
599.0656892721322,12.242887459184603
600.4830622070712,11.915258609656124
601.9004351420101,11.69562630590071
603.3178080769492,11.563073145158535
604.7351810118882,11.498610109916195
606.1525539468273,11.485762133324744
607.5699268817663,11.51057647429309
608.9872998167052,11.561412701628933
610.4046727516443,11.628665233344087
611.8220456865834,11.704481604592008
613.2394186215223,11.78250343333553
614.6567915564613,11.857640860916796
616.0741644914003,11.925882951112358
617.4915374263394,11.98414203288926
618.9089103612783,12.03012775735883
620.3262832962173,12.062245882274024
621.7436562311564,12.079516897142653
623.1610291660954,12.081510124355894
624.5784021010345,12.068289595904057
625.9957750359735,12.040368651972397
627.4131479709124,11.998670758504689
628.8305209058515,11.94449446299718
630.2478938407905,11.879480690456395
631.6652667757295,11.805580722551365
633.0826397106684,11.725023205152967
634.5000126456075,11.640278402254284
635.9173855805466,11.554017680006192
637.3347585154855,11.469065905050114
638.7521314504246,11.388344143607112
640.1695043853636,11.3147998492091
641.5868773203026,11.251321759819954
643.0042502552417,11.200637160717797
644.4216231901806,11.165190215407163
645.8389961251196,11.147001943698564
647.2563690600587,11.14751531076169
648.6737419949977,11.16743282500566
650.0911149299367,11.20655883041353
651.5084878648756,11.263663811618311
652.9258607998147,11.336392651877166
654.3432337347538,11.421241679590365
655.7606066696928,11.513628929855447
657.1779796046318,11.60807650631851
658.5953525395707,11.698511664997131
660.0127254745098,11.77867397359699
661.4300984094489,11.842592066090832
662.8474713443878,11.885071059106544
664.2648442793268,11.902118940549247
665.6822172142658,11.891244374061879
667.0995901492049,11.851581108251764
668.5169630841439,11.783829579353991
669.9343360190828,11.69004279027127
671.3517089540219,11.573309472533023
672.769081888961,11.437396508164722
674.1864548239,11.286405475116402
675.603827758839,11.124481102315835
677.0212006937779,10.955589859518144
678.438573628717,10.783370514097816
679.8559465636561,10.61104785556219
681.273319498595,10.441395912481179
682.690692433534,10.276736431552695
684.108065368473,10.118960366352578
685.5254383034121,9.969563122750477
686.942811238351,9.829687305355758
688.3601841732901,9.7001691254931
689.7775571082291,9.581586196333044
691.1949300431681,9.474305070882362
692.6123029781072,9.378526614558973
694.0296759130462,9.294326336820205
695.4470488479851,9.221685587071695
696.8644217829242,9.16050890282354
698.2817947178632,9.1106240278855
699.6991676528022,9.07176532685646
701.1165405877412,9.043548327699984
702.5339135226802,9.0254502071555
703.9512864576193,9.016813508710834
705.3686593925584,9.016885062582364
706.7860323274973,9.024891025896729
708.2034052624363,9.040138762124752
709.6207781973753,9.0621325959444
711.0381511323144,9.090693815643577
712.4555240672534,9.126082089917741
713.8728970021923,9.169121998285746
715.2902699371314,9.221343082051579
716.7076428720704,9.285145054790299
718.1250158070094,9.364002584890066
719.5423887419483,9.462727104394947
720.9597616768874,9.587806271674825
722.3771346118265,9.747843244783942
723.7945075467655,9.95411241811183
725.2118804817045,10.221221678941383
726.6292534166435,10.567788582395446
728.0466263515825,11.016815258546396
729.4639992865216,11.59489488082569
730.8813722214605,12.328128283039925
732.2987451563995,13.23020840577845
733.7161180913386,14.275272464348975
735.1334910262776,15.352143152782359
736.5508639612166,16.2290851244149
737.9682368961556,16.619825173917665
739.3856098310946,16.390012120088993
740.8029827660337,15.686435000736099
742.2203557009727,14.798086698799256
743.6377286359117,13.954927564014596
745.0551015708506,13.268271913706606
746.4724745057897,12.766269771031443
747.8898474407288,12.437790851110293
749.3072203756677,12.25831854945141
750.7245933106067,12.201425640338712
752.1419662455457,12.2428677781784
753.5593391804848,12.361586948117516
754.9767121154239,12.539619158057898
756.3940850503628,12.761704966388555
757.8114579853018,13.014880065070262
759.2288309202409,13.288122488137772
760.6462038551799,13.572065735026557
762.0635767901189,13.85876869091142
763.4809497250578,14.141530321585678
764.8983226599969,14.414738387014669
766.315695594936,14.673743589616391
767.7330685298749,14.914752799041137
769.1504414648139,15.134737003307801
770.5678143997529,15.33135129613157
771.985187334692,15.50286546942847
773.4025602696311,15.648104653679916
774.81993320457,15.766400000999722
776.237306139509,15.857549722981515
777.654679074448,15.92179096479458
779.0720520093871,15.959783091488543
780.4894249443261,15.972603033333813
781.906797879265,15.961753410678277
783.3241708142041,15.929184234641516
784.7415437491431,15.87732902581889
786.1589166840821,15.809156134168942
787.5762896190212,15.72823573838569
788.9936625539601,15.638822199341933
790.4110354888992,15.545949689449978
791.8284084238383,15.45553551592459
793.2457813587772,15.37447887388338
794.6631542937162,15.31073039095413
796.0805272286552,15.273285436365521
797.4979001635943,15.272014702610218
798.9152730985332,15.317178686061576
800.3326460334722,15.41836711453159
801.7500189684113,15.582460903229245
803.1673919033503,15.810089118592492
804.5847648382894,16.090165713741033
806.0021377732284,16.39299059670175
807.4195107081673,16.664914183931852
808.8368836431064,16.831525057241254
810.2542565780454,16.817331374034055
811.6716295129844,16.57946531814004
813.0890024479235,16.13349610322782
814.5063753828624,15.547357131893772
815.9237483178015,14.907932791080398
817.3411212527404,14.288256385390682
818.7584941876795,13.73351519134202
820.1758671226185,13.263318639236388
821.5932400575575,12.88018967312196
823.0106129924965,12.57758789371614
824.4279859274355,12.34536244606532
825.8453588623745,12.172845995311269
827.2627317973136,12.050377548156531
828.6801047322526,11.96993085279209
830.0974776671916,11.925275238850253
831.5148506021307,11.911874288506528
832.9322235370696,11.92654817397629
834.3495964720087,11.966793683011979
835.7669694069476,12.029682077726932
837.1843423418867,12.110627329858588
838.6017152768256,12.20282984025372
840.0190882117647,12.297970992019003
841.4364611467037,12.387645374223549
842.8538340816427,12.464510502900001
844.2712070165817,12.522731816446363
845.6885799515208,12.557940184412995
847.1059528864598,12.567036373311463
848.5233258213988,12.548041302278516
849.9406987563378,12.500069606607644
851.3580716912768,12.423444487267938
852.7754446262159,12.319932799466027
854.1928175611548,12.193004142140532
855.6101904960939,12.047861745945786
857.0275634310328,11.890832173175223
858.4449363659719,11.72791089345038
859.8623093009109,11.563142565249288
861.2796822358499,11.398127873996293
862.697055170789,11.233010796972962
864.1144281057279,11.067998182626143
865.531801040667,10.904521753777216
866.949173975606,10.745904983263285
868.366546910545,10.597774376102569
869.783919845484,10.468453869623051
871.201292780423,10.369502249588423
872.618665715362,10.316515452265753
874.0360386503011,10.330314776717103
875.45341158524,10.43862564192992
876.8707845201791,10.678167818251257
878.2881574551182,11.096235063689994
879.7055303900571,11.747839546860618
881.1229033249962,12.675654499794769
882.5402762599351,13.842133320546996
883.9576491948742,14.988658820991347
885.3750221298131,15.577600176923632
886.7923950647522,15.220007121227342
888.2097679996912,14.184473912561078
889.6271409346302,13.028076458597825
891.0445138695692,12.078940350299822
892.4618868045083,11.423177266471283
893.8792597394473,11.043396252759738
895.2966326743863,10.892173187822266
896.7140056093253,10.913830836413526
898.1313785442643,11.053691126703933
899.5487514792034,11.266274620320802
900.9661244141423,11.518530258568275
902.3834973490814,11.788099202760735
903.8008702840203,12.060129606509744
905.2182432189594,12.324654177311
906.6356161538984,12.574862561986562
908.0529890888374,12.806045431428965
909.4703620237764,13.014957539726012
910.8877349587154,13.199427370884589
912.3051078936545,13.35811057490525
913.7224808285935,13.490328264270032
915.1398537635325,13.59595642354402
916.5572266984715,13.675346698507854
917.9745996334105,13.729266526279838
919.3919725683495,13.758850702159561
920.8093455032886,13.765558573053067
922.2267184382275,13.751131968698257
923.6440913731666,13.717549298108688
925.0614643081055,13.666971431249387
926.4788372430446,13.6016755705777
927.8962101779837,13.523974864615214
929.3135831129226,13.436124534239294
930.7309560478617,13.340219933629626
932.1483289828006,13.238097694021691
933.5657019177397,13.131256412536993
934.9830748526787,13.020816143767405
936.4004477876177,12.90753447503941
937.8178207225567,12.791891024235937
939.2351936574958,12.674243702126114
940.6525665924347,12.555052319146329
942.0699395273738,12.435161190789286
943.4873124623128,12.31613400045162
944.9046853972518,12.200641604633793
946.3220583321909,12.092916704490165
947.7394312671298,11.999309570358289
949.1568042020689,11.92901030561113
950.5741771370078,11.895054453827349
951.9915500719469,11.91581825198352
953.4089230068859,12.017373731766984
954.8262959418249,12.237384018346587
956.2436688767639,12.631812277186121
957.661041811703,13.28681363404469
959.0784147466419,14.339873913518224
960.495787681581,16.014614341456117
961.91316061652,18.655554256791806
963.330533551459,22.603237087464624
964.747906486398,27.104436886841256
966.165279421337,28.23163532150307
967.5826523562761,24.374223670394304
969.000025291215,19.81930278015696
970.4173982261541,16.550519134329512
971.834771161093,14.434842648985102
973.2521440960321,13.082707151370117
974.6695170309711,12.220451410845486
976.0868899659101,11.682345983364065
977.5042629008492,11.371985025227753
978.9216358357882,11.237789857549862
980.3390087707272,11.258042774535427
981.7563817056662,11.420587486378885
983.1737546406052,11.696523396396206
984.5911275755442,12.042605777677581
986.0085005104833,12.42361904858125
987.4258734454222,12.81833140645877
988.8432463803613,13.214760710320801
990.2606193153002,13.605813210520768
991.6779922502393,13.986908744609206
993.0953651851784,14.354802686275267
994.5127381201173,14.706992180557002
995.9301110550564,15.041404571891217
997.3474839899953,15.356230005261768
998.7648569249344,15.64983473657006
1000.1822298598734,15.920725018808083
1001.5996027948124,16.16754657379255
1003.0169757297514,16.389111684238305
1004.4343486646904,16.584449288349433
1005.8517215996294,16.752875171629
1007.2690945345685,16.89408042147746
1008.6864674695074,17.008237250901573
1010.1038404044465,17.096122384741
1011.5212133393856,17.15925958538515
1012.9385862743245,17.20008463864076
1014.3559592092636,17.222138186329627
1015.7733321442025,17.230293942403648
1017.1907050791416,17.231031351040865
1018.6080780140805,17.232760768348772
1020.0254509490196,17.2462011066315
1021.4428238839586,17.28478321211413
1022.8601968188976,17.364979877790777
1024.2775697538366,17.506281639004577
1025.6949426887757,17.730103127730754
1027.1123156237147,18.055926560173926
1028.5296885586536,18.491033074672384
1029.9470614935926,19.00738906346746
1031.3644344285317,19.500243692971665
1032.7818073634708,19.746401632997035
1034.1991802984098,19.44684518721911
1035.616553233349,18.445085160618074
1037.0339261682877,16.93500434979992
1038.4512991032268,15.32314686106922
1039.8686720381656,13.926441828852488
1041.2860449731047,12.86937221158423
1042.7034179080438,12.148570819346562
1044.1207908429828,11.71046740410989
1045.538163777922,11.493297458085264
1046.955536712861,11.442844093027222
1048.3729096478,11.515965163839912
1049.7902825827389,11.679658541179393
1051.207655517678,11.90898908843221
1052.6250284526168,12.185089300632388
1054.0424013875559,12.493565293326899
1055.459774322495,12.823316519695387
1056.877147257434,13.165686020566254
1058.294520192373,13.513851595901988
1059.7118931273121,13.862386179759572
1061.1292660622512,14.206935819533916
1062.54663899719,14.543979763098445
1063.964011932129,14.870648624640655
1065.381384867068,15.184584370031022
1066.798757802007,15.483831028387375
1068.216130736946,15.766748465007531
1069.6335036718851,16.031943846596064
1071.0508766068242,16.27821698978571
1072.4682495417633,16.504516861239797
1073.885622476702,16.709907250880477
1075.3029954116412,16.893540168648077
1076.7203683465802,17.054635883096044
1078.137741281519,17.19246876875903
1079.5551142164582,17.306358287320254
1080.9724871513972,17.39566451596778
1082.3898600863363,17.45978767066613
1083.8072330212754,17.498171064276978
1085.2246059562144,17.51030689812294
1086.6419788911533,17.495744215887676
1088.0593518260923,17.45409825216959
1089.4767247610312,17.385060281930215
1090.8940976959702,17.288406914569258
1092.3114706309093,17.164007566625482
1093.7288435658484,17.01182857719547
1095.1462165007874,16.831932089348005
1096.5635894357265,16.624467409612866
1097.9809623706656,16.389652105497085
1099.3983353056044,16.12773969883567
1100.8157082405435,15.838970670525692
1102.2330811754823,15.523504035917009
1103.6504541104214,15.181328775708474
1105.0678270453604,14.812159295984133
1106.4851999802995,14.4153290374036
1107.9025729152386,13.989714380391046
1109.3199458501776,13.53375010731447
1110.7373187851167,13.045637745223324
1112.1546917200556,12.523888261307327
1113.5720646549946,11.968346556888237
1114.9894375899335,11.381750176948046
1116.4068105248725,10.77160348978655
1117.8241834598116,10.15171885944353
1119.2415563947507,9.542454770063184
1120.6589293296897,8.969018187957765
1122.0763022646288,8.45907821984922
1123.4936751995676,8.053401990126098
1124.9110481345067,7.954653631343052
1126.3284210694458,8.12964602683089
1127.7457940043846,8.377397666603223
1129.1631669393237,8.67513008574988
1130.5805398742627,9.015725385651043
1131.9979128092018,9.39342404163269
1133.4152857441409,9.80242809786065
1134.83265867908,10.236747932904771
1136.2500316140188,10.690267052938307
1137.6674045489578,11.156854317994858
1139.0847774838967,11.6304833252147
1140.5021504188358,12.105344832866246
1141.9195233537748,12.575944940161897
1143.336896288714,13.037185413842064
1144.754269223653,13.484425721175914
1146.171642158592,13.91352880005694
1147.589015093531,14.320894063970425
1149.00638802847,14.70348167585005
1150.423760963409,15.058832036218554
1151.8411338983478,15.385084051234143
1153.258506833287,15.680995329964952
1154.675879768226,15.945967162017274
1156.093252703165,16.180077018246585
1157.510625638104,16.38412140547269
1158.9279985730432,16.559672129447765
1160.3453715079822,16.70914920518592
1161.762744442921,16.83591340078119
1163.1801173778601,16.944379849576652
1164.597490312799,17.04014955416331
1166.014863247738,17.13014453002548
1167.4322361826771,17.222708719184027
1168.8496091176162,17.327591084629514
1170.2669820525552,17.45564780845141
1171.6843549874943,17.617981965207886
1173.1017279224332,17.824106215817917
1174.5191008573722,18.078665651216895
1175.9364737923113,18.376512980381765
1177.3538467272501,18.696811912666366
1178.7712196621892,18.998584183729953
1180.1885925971283,19.222228550776233
1181.6059655320673,19.301812393640464
1183.0233384670064,19.187763334422993
1184.4407114019455,18.869296997394294
1185.8580843368843,18.380824210505
1187.2754572718234,17.78700743181441
1188.6928302067622,17.15794565708096
1190.1102031417013,16.550201529166955
1191.5275760766403,16.00001994048999
1192.9449490115794,15.52565891237317
1194.3623219465185,15.133251790351578
1195.7796948814575,14.822468039833515
1197.1970678163966,14.590550917520956
1198.6144407513355,14.434618754645943
1200.0318136862745,14.3525501961681
1201.4491866212134,14.342807212869582
1202.8665595561524,14.403519346056102
1204.2839324910915,14.531186641616983
1205.7013054260306,14.719417867252876
1207.1186783609696,14.95810224969778
1208.5360512959087,15.233288849899
1209.9534242308478,15.527893404433158
1211.3707971657866,15.823224185222154
1212.7881701007257,16.101169799992388
1214.2055430356645,16.34666839041641
1215.6229159706036,16.549854745762836
1217.0402889055426,16.70724809995043
1218.4576618404817,16.821618125956952
1219.8750347754208,16.900642296955155
1221.2924077103598,16.954870256680206
1222.7097806452987,16.995629619106843
1224.1271535802377,17.033348187980312
1225.5445265151768,17.07649227654057
1226.9618994501157,17.131090480515788
1228.3792723850547,17.200694361112802
1229.7966453199938,17.286607062474477
1231.2140182549329,17.388242583016986
1232.631391189872,17.503524015441094
1234.048764124811,17.62926845117572
1235.4661370597498,17.761533462276212
1236.883509994689,17.89591630281922
1238.3008829296277,18.027805533957686
1239.7182558645668,18.15258877565615
1241.1356287995059,18.265821907031263
1242.553001734445,18.363365580223302
1243.970374669384,18.441495064464878
1245.387747604323,18.49698951918814
1246.8051205392621,18.52720695362426
1248.222493474201,18.530151451964656
1249.63986640914,18.50453981715776
1251.0572393440789,18.44987573033086
1252.474612279018,18.36654097412758
1253.891985213957,18.25591531336756
1255.309358148896,18.120539057617126
1256.7267310838351,17.964333932109348
1258.1441040187742,17.79289454287735
1259.5614769537133,17.61384302555831
1260.9788498886521,17.4371767186838
1262.3962228235912,17.27538568761121
1263.81359575853,17.142842277996575
1265.230968693469,17.053727832604704
1266.6483416284082,17.018187108466126
1268.0657145633472,17.038115142551963
1269.4830874982863,17.105619776902163
1270.9004604332254,17.20572439995325
1272.3178333681642,17.32125253256233
1273.7352063031033,17.436797313961396
1275.1525792380423,17.540605088447833
1276.5699521729812,17.624879488075965
1277.9873251079202,17.685314761704564
1279.4046980428593,17.720366630317226
1280.8220709777984,17.730484257722868
1282.2394439127374,17.717380998031338
1283.6568168476765,17.683364531085086
1285.0741897826153,17.630727981966984
1286.4915627175544,17.56119844435724
1287.9089356524933,17.475440775823692
1289.3263085874323,17.372623032098826
1290.7436815223714,17.250068762207853
1292.1610544573105,17.103053840525337
1293.5784273922495,16.924850667177278
1294.9958003271886,16.707168666236775
1296.4131732621277,16.441157858932847
1297.8305461970665,16.119090645656424
1299.2479191320056,15.736701825179251
1300.6652920669444,15.296056242244738
1302.0826650018835,14.809127989259336
1303.5000379368225,14.304059750788143
1304.9174108717616,13.840620482352854
1306.3347838067007,13.527274199432567
1307.7521567416397,13.429048896979475
1309.1695296765788,13.469241400200845
1310.5869026115176,13.570198753405831
1312.0042755464567,13.701724045003823
1313.4216484813956,13.855687475757058
1314.8390214163346,14.03211174789277
1316.2563943512737,14.233954377131269
1317.6737672862128,14.464732271998688
1319.0911402211518,14.726981389840361
1320.5085131560909,15.020945281048467
1321.9258860910297,15.343425251807869
1323.3432590259688,15.687055435177799
1324.7606319609079,16.040502355453835
1326.178004895847,16.39008364209748
1327.5953778307858,16.72282127525592
1329.0127507657248,17.03002335351176
1330.430123700664,17.309746189705237
1331.847496635603,17.566783238297525
1333.2648695705418,17.810211891348246
1334.6822425054809,18.049896698477795
1336.09961544042,18.29359697382668
1337.516988375359,18.545532574218072
1338.9343613102978,18.806312281141615
1340.351734245237,19.07365751993855
1341.769107180176,19.343368515691996
1343.186480115115,19.610200303999285
1344.603853050054,19.868523468809222
1346.021225984993,20.112766171061043
1347.438598919932,20.337682175789485
1348.855971854871,20.53849679654313
1350.2733447898102,20.710973729453965
1351.690717724749,20.85143358869067
1353.108090659688,20.956744579967538
1354.5254635946271,21.024298265605708
1355.9428365295662,21.051978428534536
1357.3602094645053,21.038127940953334
1358.777582399444,20.98151666528078
1360.1949553343832,20.881312307763707
1361.6123282693222,20.73705550988997
1363.0297012042613,20.548640114165796
1364.4470741392001,20.31629936971451
1365.8644470741392,20.040598789311183
1367.2818200090783,19.72243640382529
1368.6991929440173,19.363051273987264
1370.1165658789562,18.964041319184613
1371.5339388138952,18.5273918280598
1372.9513117488343,18.055516460426087
1374.3686846837734,17.551313189871106
1375.7860576187124,17.01823856004988
1377.2034305536513,16.460404978994898
1378.6208034885904,15.882707791114022
1380.0381764235294,15.29099193112039
1381.4555493584685,14.692272677985484
1382.8729222934073,14.095032207901061
1384.2902952283464,13.509623978525337
1385.7076681632855,12.948829376653453
1387.1250410982245,12.428617252479164
1388.5424140331634,11.969127756012846
1389.9597869681024,11.595766851652364
1391.3771599030415,11.339973496724818
1392.7945328379806,11.238880436391844
1394.2119057729196,11.333667096704355
1395.6292787078585,11.668739307211096
1397.0466516427975,12.295447090242993
1398.4640245777366,13.281096858248278
1399.8813975126757,14.719484148788267
1401.2987704476145,16.73609158702162
1402.7161433825536,19.47057198555864
1404.1335163174926,22.98289032482831
1405.5508892524317,26.970747887003554
1406.9682621873708,30.333428257595806
1408.3856351223096,31.488713675464375
1409.8030080572487,30.095700072679236
1411.2203809921878,27.406026307179406
1412.6377539271268,24.635691617757743
1414.0551268620657,22.30056520196416
1415.4724997970047,20.50517683843437
1416.8898727319438,19.22571945550281
1418.3072456668829,18.419562114467563
1419.7246186018217,18.03348084996103
1421.1419915367608,17.98222346764069
1422.5593644716998,18.159525797519553
1423.976737406639,18.472978531995064
1425.394110341578,18.85920840156845
1426.8114832765168,19.279016426749017
1428.2288562114559,19.708627999604694
1429.646229146395,20.133369067066837
1431.063602081334,20.543929052881822
1432.4809750162729,20.93425486229743
1433.898347951212,21.30035481956428
1435.315720886151,21.639599623321367
1436.73309382109,21.950299250803
1438.1504667560291,22.23143816644443
1439.567839690968,22.482505239294166
1440.985212625907,22.703383201514153
1442.402585560846,22.894277732200873
1443.8199584957852,23.055674617884993
1445.237331430724,23.188318108519468
1446.654704365663,23.293206191188425
1448.0720773006021,23.371599891973393
1449.4894502355412,23.42504431961013
1450.90682317048,23.45539916522328
1452.324196105419,23.464875770723804
1453.7415690403582,23.456076491078704
1455.1589419752972,23.432029481655384
1456.5763149102363,23.39620748123793
1457.9936878451751,23.3525114105965
1459.4110607801142,23.3051869341653
1460.8284337150533,23.25862266170761
1462.2458066499923,23.216951996105145
1463.6631795849312,23.183352518994198
1465.0805525198703,23.158929635704975
1466.4979254548093,23.141140869756146
1467.9152983897484,23.121962779967557
1469.3326713246872,23.08651638281358
1470.7500442596263,23.013534807907906
1472.1674171945654,22.879239669508713
1473.5847901295044,22.664828618656998
1475.0021630644435,22.36474431598902
1476.4195359993823,21.99067861270576
1477.8369089343214,21.56819182251984
1479.2542818692605,21.12801241761645
1480.6716548041995,20.697314242667666
1482.0890277391384,20.294817587726254
1483.5064006740774,19.93008391182122
1484.9237736090165,19.60529561361413
1486.3411465439556,19.31774359859731
1487.7585194788946,19.062046929545076
1489.1758924138335,18.831856315615013
1490.5932653487725,18.62119994736518
1492.0106382837116,18.425845450339896
1493.4280112186507,18.24530198050492
1494.8453841535895,18.086653268463362
1496.2627570885286,17.97259067036879
1497.6801300234677,17.95643721660026
1499.0975029584067,18.133168502063505
1500.5148758933456,18.587245355398526
1501.9322488282846,19.281303482551266
1503.3496217632237,20.078293886573384
1504.7669946981628,20.84514329130353
1506.1843676331018,21.491284977503412
1507.6017405680407,21.971252819891205
1509.0191135029797,22.27870434252448
1510.4364864379188,22.434351218397527
1511.8538593728579,22.471538574676106
1513.2712323077967,22.42470664438423
1514.6886052427358,22.323048861153715
1516.1059781776748,22.188547354255867
1517.523351112614,22.036464079840318
1518.9407240475527,21.876726449774747
1520.3580969824918,21.715361387414028
1521.7754699174309,21.5556588904409
1523.19284285237,21.39901579467106
1524.610215787309,21.245511439689178
1526.0275887222479,21.094286968317586
1527.444961657187,20.943790291861813
1528.862334592126,20.791932598910062
1530.279707527065,20.636188142049026
1531.697080462004,20.473659014749625
1533.114453396943,20.301120649045142
1534.531826331882,20.1150613034412
1535.949199266821,19.911729567534596
1537.3665722017602,19.687208048432193
1538.783945136699,19.437539725771114
1540.201318071638,19.158947740965573
1541.6186910065771,18.848213288359027
1543.0360639415162,18.503318090596515
1544.453436876455,18.124538900183662
1545.870809811394,17.716360953704136
1547.2881827463332,17.291024949064727
1548.7055556812722,16.87567443504938
1550.122928616211,16.52740403172812
1551.5403015511502,16.357989778897462
1552.9576744860892,16.520812986715782
1554.3750474210283,17.061367943045603
1555.7924203559674,17.849921768433035
1557.2097932909062,18.738588157458768
1558.6271662258453,19.63409919686499
1560.0445391607843,20.484757495810907
1561.4619120957234,21.26417858275955
1562.8792850306622,21.961914663017875
1564.2966579656013,22.577428507881205
1565.7140309005404,23.11574885129474
1567.1314038354794,23.584369694778527
1568.5487767704183,23.991206648755615
1569.9661497053573,24.343396231363457
1571.3835226402964,24.646700224644906
1572.8008955752355,24.905302069269677
1574.2182685101745,25.12183300914057
1575.6356414451134,25.29751791220023
1577.0530143800524,25.432372621717253
1578.4703873149915,25.525414041914324
1579.8877602499306,25.574862948658925
1581.3051331848694,25.57833080308143
1582.7225061198085,25.532988341910414
1584.1398790547476,25.435717415108147
1585.5572519896866,25.283249779952694
1586.9746249246257,25.072298207522607
1588.3919978595645,24.799686864873127
1589.8093707945036,24.4624898458245
1591.2267437294427,24.05818910518884
1592.6441166643817,23.584865878805378
1594.0614895993206,23.04144264799712
1595.4788625342596,22.427995204860277
1596.8962354691987,21.746155594444275
1598.3136084041378,20.999626622468604
1599.7309813390766,20.194831210192227
1601.1483542740157,19.34174302762068
1602.5657272089547,18.45505130610238
1603.9831001438938,17.556220475070464
1605.4004730788329,16.678536812435205
1606.8178460137717,15.883063732525992
1608.2352189487108,15.306973789926214
1609.6525918836498,15.175426173801792
1611.069964818589,15.517581502973695
1612.4873377535278,16.22015931363162
1613.9047106884668,17.284118105123838
1615.322083623406,18.79239744201326
1616.739456558345,20.844032658154386
1618.1568294932838,23.443094525324273
1619.5742024282229,26.262794544417474
1620.991575363162,28.433154782719843
1622.408948298101,29.031792047185775
1623.82632123304,28.147144476468736
1625.243694167979,26.696210048405916
1626.661067102918,25.405694418028244
1628.078440037857,24.53415069370596
1629.495812972796,24.079307757960418
1630.913185907735,23.956424875425117
1632.330558842674,24.074389646051415
1633.747931777613,24.3578124994644
1635.1653047125521,24.74922962339747
1636.5826776474912,25.20585688901653
1638.00005058243,25.69580975604696
1639.4174235173691,26.195068390971155
1640.8347964523082,26.68529525818907
1642.2521693872472,27.152323573495142
1643.669542322186,27.585117648977384
1645.0869152571252,27.975051797359246
1646.5042881920642,28.315401772388576
1647.9216611270033,28.600978415854538
1649.3390340619421,28.827857530724085
1650.7564069968812,28.993175978352603
1652.1737799318203,29.094974345534673
1653.5911528667593,29.132073220071916
1655.0085258016984,29.103974461353474
1656.4258987366372,29.01078169520451
1657.8432716715763,28.853136132989054
1659.2606446065154,28.63216505203977
1660.6780175414544,28.34944109403064
1662.0953904763933,28.006951079026766
1663.5127634113323,27.607073385719332
1664.9301363462714,27.152563171060184
1666.3475092812105,26.646544832172395
1667.7648822161493,26.09251117232387
1669.1822551510884,25.494328732315893
1670.5996280860275,24.856248691924108
1672.0170010209665,24.182922629273403
1673.4343739559056,23.47942224016648
1674.8517468908444,22.75126185212575
1676.2691198257835,22.004422207560246
1677.6864927607226,21.245373533561384
1679.1038656956616,20.481095381963954
1680.5212386306005,19.71909018447782
1681.9386115655395,18.967387105744287
1683.3559845004786,18.234532998421077
1684.7733574354177,17.529568929482295
1686.1907303703567,16.86199563410635
1687.6081033052956,16.241742997835285
1689.0254762402346,15.679184725420523
1690.4428491751737,15.185295502205548
1691.8602221101128,14.772170244530878
1693.2775950450516,14.45440613539191
1694.6949679799907,14.252551813958425
1696.1123409149297,14.201698403834962
1697.5297138498688,14.372639174050923
1698.9470867848077,14.9129080853721
1700.3644597197467,16.043351924373265
1701.7818326546858,17.835231872150704
1703.1992055896249,20.030282659991954
1704.616578524564,22.182031041663297
1706.0339514595028,23.849470235053946
1707.4513243944418,24.806074100123205
1708.868697329381,25.128140307800443
1710.28607026432,25.068603548158126
1711.7034431992588,24.881569448717944
1713.1208161341979,24.738511443494776
1714.538189069137,24.724069579630903
1715.955562004076,24.8603967422157
1717.3729349390148,25.13386113815198
1718.790307873954,25.515659870969788
1720.207680808893,25.974350130199003
1721.625053743832,26.481628041424596
1723.042426678771,27.01401348317046
1724.45979961371,27.5526686586023
1725.877172548649,28.08261817490587
1727.294545483588,28.59192209909321
1728.7119184185271,29.070983116717528
1730.129291353466,29.512016699170253
1731.546664288405,29.908663555290733
1732.9640372233441,30.255714138873195
1734.3814101582832,30.548918414604987
1735.7987830932223,30.784860215023993
1737.216156028161,30.960881080615298
1738.6335289631002,31.075042746107428
1740.0509018980392,31.12612051088747
1741.4682748329783,31.113621888064294
1742.8856477679171,31.037826430541507
1744.3030207028562,30.899843691204122
1745.7203936377953,30.701687041498506
1747.1377665727343,30.446361665590338
1748.5551395076732,30.137965570459926
1749.9725124426122,29.78180302968429
1751.3898853775513,29.38451070468006
1752.8072583124904,28.954198115373565
1754.2246312474292,28.50060682738838
1755.6420041823683,28.035297892512148
1757.0593771173073,27.571886699438128
1758.4767500522464,27.126360853002765
1759.8941229871853,26.717539347236983
1761.3114959221243,26.367740125553922
1762.7288688570634,26.103615269002564
1764.1462417920025,25.956486936333622
1765.5636147269413,25.959103548533673
1766.9809876618804,26.12903016953564
1768.3983605968194,26.421401357153144
1769.8157335317585,26.669211022141667
1771.2331064666976,26.65551672858884
1772.6504794016364,26.364115766839234
1774.0678523365755,26.00536467111132
1775.4852252715145,25.762363269183975
1776.9025982064536,25.687719270646486
1778.3199711413924,25.761466951893404
1779.7373440763315,25.945748249826995
1781.1547170112706,26.2047381207401
1782.5720899462096,26.508391826419256
1783.9894628811487,26.831870704706386
1785.4068358160876,27.154438715868245
1786.8242087510266,27.458629939307972
1788.2415816859657,27.7297189363177
1789.6589546209048,27.95540067406419
1791.0763275558436,28.1256026016428
1792.4937004907827,28.232382249166076
1793.9110734257217,28.269885716699626
1795.3284463606608,28.234355192323616
1796.7458192955996,28.12418008074775
1798.1631922305387,27.939988536220984
1799.5805651654778,27.684775009636464
1800.9979381004168,27.364054500118318
1802.415311035356,26.98602401069532
1803.8326839702947,26.56169339014277
1805.2500569052338,26.10491744929913
1806.6674298401729,25.63221651550339
1808.084802775112,25.162220023919396
1809.5021757100508,24.714538682854485
1810.9195486449898,24.30793687741492
1812.336921579929,23.95792744193362
1813.754294514868,23.674336873282343
1815.1716674498068,23.45973369385346
1816.5890403847459,23.309470078388504
1818.006413319685,23.213378964819935
1819.423786254624,23.158408365602032
1820.841159189563,23.131243174249807
1822.258532124502,23.120282523657426
1823.675905059441,23.116803283165655
1825.09327799438,23.115435966418058
1826.5106509293191,23.11416789920971
1827.928023864258,23.114060503145907
1829.345396799197,23.118804467841567
1830.762769734136,23.13417442486272
1832.1801426690752,23.16738861436034
1833.5975156040142,23.22632027146416
1835.014888538953,23.318430690691915
1836.4322614738921,23.449177452298226
1837.8496344088312,23.619467929537088
1839.2670073437703,23.82146261879562
1840.684380278709,24.031762835424566
1842.1017532136482,24.201180830513152
1843.5191261485872,24.24230899929553
1844.9364990835263,24.022908437084432
1846.3538720184652,23.38583095825049
1847.7712449534042,22.219353586140752
1849.1886178883433,20.556435997478047
1850.6059908232824,18.604921204237158
1852.0233637582214,16.651443937761947
1853.4407366931603,15.00136358706798
1854.8581096280993,15.177891484149743
1856.2754825630384,16.278484359115694
1857.6928554979775,17.393088749871485
1859.1102284329163,18.485613349073997
1860.5276013678554,19.55349090870996
1861.9449743027944,20.59920547591178
1863.3623472377335,21.625956828047585
1864.7797201726723,22.636335402266397
1866.1970931076114,23.63187717637352
1867.6144660425505,24.612962368892067
1869.0318389774895,25.578853743047024
1870.4492119124286,26.52778602822565
1871.8665848473674,27.457068682020385
1873.2839577823065,28.363187929910154
1874.7013307172456,29.24190493957391
1876.1187036521846,30.08835158702101
1877.5360765871235,30.897126736230458
1878.9534495220626,31.662395892398614
1880.3708224570016,32.37799633043104
1881.7881953919407,33.03754878602327
1883.2055683268798,33.634575773718595
1884.6229412618186,34.1626257117051
1886.0403141967577,34.615401375370254
1887.4576871316967,34.98689081830266
1888.8750600666358,35.271498804230944
1890.2924330015746,35.46417697130096
1891.7098059365137,35.560551364008894
1893.1271788714528,35.55704656776353
1894.5445518063918,35.45100641352645
1895.9619247413307,35.24081204013078
1897.3792976762697,34.92599898143479
1898.7966706112088,34.50737588017384
1900.2140435461479,33.98714844647151
1901.631416481087,33.369053443494025
1903.0487894160258,32.658508927469626
1904.4661623509649,31.862788950900274
1905.883535285904,30.991233980731174
1907.300908220843,30.055513495593082
1908.7182811557818,29.069966923041743
1910.135654090721,28.052067701078975
1911.55302702566,27.023089192864614
1912.970399960599,26.00909863079984
1914.3877728955379,25.042394126083366
1915.805145830477,24.16302155641778
1917.222518765416,23.41759350854052
1918.639891700355,22.846251594424245
1920.0572646352941,22.449162678691973
1921.474637570233,22.170169175792307
1922.892010505172,21.961161939347434
1924.309383440111,21.843151893386064
1925.7267563750502,21.868542450161623
1927.144129309989,22.069831457303458
1928.561502244928,22.45104310044214
1929.9788751798671,22.99808016318752
1931.3962481148062,23.68836253161311
1932.8136210497453,24.49648737376711
1934.2309939846841,25.39711677566664
1935.6483669196232,26.366309267934536
1937.0657398545623,27.38203927216853
1938.4831127895013,28.424326594999524
1939.9004857244402,29.475201498512206
1941.3178586593792,30.518612906592004
1942.7352315943183,31.540322527448204
1944.1526045292574,32.527797355207014
1945.5699774641962,33.470102024080056
1946.9873503991353,34.357790326952056
1948.4047233340743,35.18279594984777
1949.8220962690134,35.93832348375841
1951.2394692039525,36.6187412638554
1952.6568421388913,37.2194775525085
1954.0742150738304,37.73692124693631
1955.4915880087694,38.168327859043366
1956.9089609437085,38.511731109975855
1958.3263338786473,38.765860160592865
1959.7437068135864,38.93006227153665
1961.1610797485255,39.004230540368205
1962.5784526834645,38.98873627791729
1963.9958256184034,38.88436554180384
1965.4131985533425,38.692259326899084
1966.8305714882815,38.413856912004704
1968.2479444232206,38.05084187916793
1969.6653173581597,37.60509036715995
1971.0826902930985,37.078621218022555
1972.5000632280376,36.47354786940324
1973.9174361629766,35.792032208932454
1975.3348090979157,35.03624125563567
1976.7521820328545,34.208308642210774
1978.1695549677936,33.310304693895674
1979.5869279027327,32.344221777728684
1981.0043008376717,31.3119859488643
1982.4216737726108,30.21551215769864
1983.8390467075496,29.05682856922752
1985.2564196424887,27.838305301849566
1986.6737925774278,26.563031872572044
1988.0911655123668,25.235390607306922
1989.5085384473057,23.86186076172088
1990.9259113822447,22.452046782223363
1992.3432843171838,21.01984210305407
1993.7606572521229,19.584520315940765
1995.1780301870617,18.171427776160378
1996.5954031220008,16.811924169140152
1998.0127760569399,15.542388927545483
1999.430148991879,14.402503077272558
2000.847521926818,13.433361264106203
2002.2648948617568,12.675439163674515
2003.682267796696,12.1638628093699
2005.099640731635,11.916195737152709
2006.517013666574,11.91784717422361
2007.9343866015129,12.12583405141661
2009.351759536452,12.491356540281773
2010.769132471391,12.976170382321177
2012.18650540633,13.554889146027168
2013.603878341269,14.21138975793689
2015.021251276208,14.935041976689009
2016.438624211147,15.718075414496994
2017.855997146086,16.55391934166819
2019.2733700810252,17.436194495679054
2020.690743015964,18.358139014437295
2022.108115950903,19.31233720456482
2023.5254888858422,20.290663585680765
2024.9428618207812,21.284374124210288
2026.36023475572,22.284287891813044
2027.7776076906591,23.281013001995206
2029.1949806255982,24.265182121753003
2030.6123535605373,25.227674163853145
2032.0297264954763,26.15980864949827
2033.4470994304152,27.053506922617466
2034.8644723653542,27.901419733460468
2036.2818453002933,28.69702393365175
2037.6992182352324,29.4346925648836
2039.1165911701712,30.109742935464006
2040.5339641051103,30.718466762940107
2041.9513370400493,31.25814542342061
2043.3687099749884,31.72705199438211
2044.7860829099272,32.12444021932434
2046.2034558448663,32.4505187951
2047.6208287798054,32.706407473112534
2049.0382017147444,32.89406936626494
2050.4555746496835,33.01621167919401
2051.872947584622,33.07614532913738
2053.2903205195616,33.07759404488589
2054.7076934545003,33.02444900106996
2056.12506638944,32.920483085510014
2057.5424393243784,32.76908188752807
2058.9598122593175,32.57313062540152
2060.3771851942565,32.335313165479924
2061.7945581291956,32.05915388838437
2063.2119310641347,31.7509491671668
2064.6293039990733,31.422027902114063
2066.046676934013,31.089753379300138
2067.4640498689514,30.775552864249196
2068.881422803891,30.500199667350856
2070.2987957388295,30.279132400896806
2071.7161686737686,30.12060555219927
2073.1335416087077,30.026866669202015
2074.5509145436467,29.996568792303787
2075.968287478586,30.02679820522679
2077.3856604135244,30.114192195495416
2078.803033348464,30.255339688459983
2080.2204062834026,30.446815022778754
2081.637779218342,30.68509509516496
2083.0551521532807,30.96648120865199
2084.4725250882198,31.287063070930163
2085.889898023159,31.642722711687433
2087.307270958098,32.02916315628555
2088.724643893037,32.44194636755227
2090.1420168279756,32.87652914864888
2091.559389762915,33.32829058308424
2092.9767626978537,33.79254874135344
2094.3941356327928,34.264567474785274
2095.811508567732,34.7395562091302
2097.228881502671,35.21266687809393
2098.64625443761,35.678992607311926
2100.063627372549,36.133572561676004
2101.481000307488,36.571406615691146
2102.8983732424267,36.98748235578116
2104.3157461773662,37.37681557013199
2105.733119112305,37.73450402540289
2107.150492047244,38.0557931371568
2108.567864982183,38.33615121899294
2109.985237917122,38.5713513815658
2111.402610852061,38.75755682077089
2112.819983787,38.891406109842116
2114.2373567219392,38.970095086071865
2115.654729656878,38.9914518724175
2117.0721025918174,38.954001354935855
2118.489475526756,38.85701488766429
2119.906848461695,38.70053992724372
2121.324221396634,38.485402479254695
2122.741594331573,38.2131723889747
2124.1589672665123,37.88607732941294
2125.576340201451,37.50684560182496
2126.9937131363904,37.078450685894765
2128.411086071329,36.60372294067988
2129.8284590062685,36.084789262704
2131.245831941207,35.52230756363986
2132.663204876146,34.91449480342621
2134.0805778110853,34.25602979381218
2135.4979507460243,33.53707478902987
2136.9153236809634,32.742913216699975
2138.332696615902,31.85497644405759
2139.7500695508415,30.85410336028057
2141.16744248578,29.72636099142113
2142.5848154207197,28.47040292289597
2144.0021883556583,27.103626156544212
2145.4195612905974,25.66372754875385
2146.8369342255364,24.203927930331478
2148.2543071604755,22.78343106916149
2149.6716800954146,21.45705287584304
2151.089053030353,20.2676266894015
2152.5064259652927,19.242602748709427
2153.9237989002313,18.39428222286136
2155.341171835171,17.722386443310445
2156.7585447701094,17.21775174325743
2158.1759177050485,16.866160508254104
2159.5932906399876,16.651526382366427
2161.0106635749266,16.558006220949505
2162.4280365098657,16.571048732679746
2163.8454094448043,16.677677919273112
2165.262782379744,16.866363224407433
2166.6801553146825,17.126739584482024
2168.097528249622,17.449325190864233
2169.5149011845606,17.8252994834164
2170.9322741194997,18.246356110490016
2172.3496470544387,18.70462425548797
2173.767019989378,19.192644931313577
2175.184392924317,19.703388716191785
2176.6017658592555,20.230303754502255
2178.019138794195,20.76738574839824
2179.4365117291336,21.309264371758537
2180.8538846640727,21.851302848391647
2182.2712575990117,22.389709388870696
2183.688630533951,22.921660911163908
2185.10600346889,23.445441164100824
2186.523376403829,23.960597256932182
2187.940749338768,24.468120959330722
2189.3581222737066,24.970664350650722
2190.775495208646,25.47280396632913
2192.1928681435847,25.981374155041358
2193.610241078524,26.505899637838564
2195.027614013463,27.05916970950569
2196.444986948402,27.65801129984726
2197.862359883341,28.324330173868223
2199.27973281828,29.086482189996516
2200.697105753219,29.98096328077704
2202.1144786881578,31.054150447126787
2203.5318516230973,32.36311665914131
2204.949224558036,33.97283788079289
2206.366597492975,35.943615069599
2207.783970427914,38.297260780472484
2209.201343362853,40.94918632081136
2210.618716297792,43.617820669645106
2212.0360892327312,45.80253271836231
2213.4534621676703,46.98378496678104
2214.870835102609,46.98929461457697
2216.2882080375484,46.119586858218305
2217.705580972487,44.87488411372198
2219.122953907426,43.64796631081169
2220.540326842365,42.6352273457802
2221.9576997773042,41.889108162115264
2223.3750727122433,41.38930704683064
2224.7924456471824,41.08897815574831
2226.2098185821214,40.93722823713987
2227.62719151706,40.887950809964764
2229.0445644519996,40.90229357905267
2230.461937386938,40.94859489808794
2231.8793103218773,41.00151501286174
2233.2966832568163,41.041048785883
2234.7140561917554,41.05164993904074
2236.1314291266945,41.02151402785134
2237.5488020616335,40.94200294823741
2238.9661749965726,40.80717705041551
2240.383547931511,40.6134017637243
2241.8009208664503,40.35900206063137
2243.2182938013893,40.04394598523245
2244.6356667363284,39.669547024563215
2246.0530396712675,39.23818480891072
2247.4704126062065,38.753055263578915
2248.8877855411456,38.21797504122803
2250.3051584760847,37.63727916025114
2251.7225314110237,37.01586027240911
2253.1399043459623,36.35939354893121
2254.5572772809014,35.674760433782176
2255.9746502158405,34.97061834195518
2257.3920231507796,34.25796802531827
2258.8093960857186,33.55047955885908
2260.2267690206577,32.864310576147055
2261.6441419555968,32.2172398338909
2263.061514890536,31.627144196440366
2264.478887825475,31.110086923834427
2265.8962607604135,30.678438065710576
2267.3136336953526,30.339435155096055
2268.7310066302916,30.094434027021357
2270.1483795652307,29.938890420594934
2271.5657525001698,29.862950413417238
2272.983125435109,29.852456788797873
2274.400498370048,29.89018800806198
2275.8178713049865,29.95719732879803
2277.235244239926,30.03417283940579
2278.6526171748646,30.10277004141095
2280.0699901098037,30.146868878724323
2281.487363044743,30.153682914682562
2282.904735979682,30.114616828362593
2284.322108914621,30.025752297444093
2285.73948184956,29.887861379682402
2287.156854784499,29.70590740546509
2288.5742277194377,29.4880839761962
2289.991600654377,29.244535226160128
2291.408973589316,28.985963932079326
2292.826346524255,28.7223477516826
2294.243719459194,28.461945469999016
2295.661092394133,28.21069910860084
2297.078465329072,27.972048114683737
2298.495838264011,27.7470934085524
2299.91321119895,27.53499993608073
2301.330584133889,27.333513098350696
2302.7479570688283,27.13948151046201
2304.165330003767,26.949312731774203
2305.582702938706,26.759325659017872
2307.000075873645,26.56599324302656
2308.417448808584,26.366088160709985
2309.834821743523,26.156752802062826
2311.2521946784623,25.935516398099715
2312.6695676134013,25.70027953781645
2314.08694054834,25.449282156418704
2315.5043134832795,25.181066808760235
2316.921686418218,24.894445375372165
2318.339059353157,24.588474492256417
2319.756432288096,24.26244290131611
2321.1738052230353,23.91587243501281
2322.5911781579744,23.548533305980353
2324.0085510929134,23.160473614864326
2325.4259240278525,22.752062387360297
2326.843296962791,22.324044895883343
2328.2606698977306,21.877608420287007
2329.6780428326692,21.414455877567878
2331.0954157676083,20.936883847804033
2332.5127887025474,20.447860441663508
2333.9301616374864,19.95109731287176
2335.3475345724255,19.45110927461886
2336.7649075073646,18.953255197526563
2338.1822804423036,18.46375648847247
2339.5996533772422,17.989696376544043
2341.0170263121813,17.53901639040483
2342.4343992471204,17.12054625681279
2343.8517721820594,16.744126450473306
2345.2691451169985,16.420898751814057
2346.6865180519376,16.163832927382316
2348.1038909868766,15.988509590470782
2349.5212639218157,15.914084409704
2350.938636856755,15.964241779074651
2352.3560097916934,16.16788679071092
2353.7733827266325,16.55945901368909
2355.1907556615715,17.179090023924008
2356.6081285965106,18.072491375947536
2358.0255015314497,19.28683787145697
2359.4428744663887,20.85336162292512
2360.860247401328,22.760342566683608
2362.277620336267,24.95205688980881
2363.694993271206,27.361909686277368
2365.1123662061445,29.933888335242898
2366.5297391410836,32.61836047118469
2367.9471120760227,35.36421732297038
2369.3644850109617,38.11778063317819
2370.781857945901,40.826034561665416
2372.19923088084,43.44056633050552
2373.616603815779,45.92048071021717
2375.0339767507176,48.23384317566004
2376.451349685657,50.35780534449253
2377.8687226205957,52.27779615893378
2379.2860955555348,53.986197006286794
2380.703468490474,55.48085022253401
2382.120841425413,56.7636409322527
2383.538214360352,57.83928447453212
2384.955587295291,58.714367911777536
2386.37296023023,59.39664003903233
2387.7903331651687,59.89451595072003
2389.207706100108,60.21675203555773
2390.625079035047,60.37224790403165
2392.042451969986,60.36993763385268
2393.459824904925,60.2187402769109
2394.877197839864,59.92754684635219
2396.294570774803,59.505227116241485
2397.711943709742,58.960644270866446
2399.1293166446812,58.30266880429971
2400.54668957962,57.5401852849005
2401.9640625145594,56.682086876505565
2403.381435449498,55.73725303716191
2404.798808384437,54.714505756481735
2406.216181319376,53.62253919619143
2407.633554254315,52.469816864991294
2409.0509271892543,51.26442983851007
2410.4683001241933,50.013909706476724
2411.8856730591324,48.7249921931254
2413.303045994071,47.40333411641459
2414.7204189290105,46.053201494036664
2416.137791863949,44.67717609396282
2417.555164798888,43.27597871151011
2418.9725377338273,41.84858442612093
2420.3899106687663,40.39289944934692
2421.8072836037054,38.907339522129405
2423.2246565386445,37.39359932007996
2424.6420294735835,35.860584669276726
2426.059402408522,34.32879522935086
2427.4767753434617,32.83355814350624
2428.8941482784003,31.425019773033398
2430.3115212133393,30.163464584946187
2431.7288941482784,29.110454626686852
2433.1462670832175,28.31838925207962
2434.5636400181565,27.82188331615651
2435.9810129530956,27.633383520225827
2437.3983858880347,27.743515512768212
2438.8157588229733,28.12493961293923
2440.2331317579124,28.73772737351787
2441.6505046928514,29.534586678551516
2443.0678776277905,30.46518057365391
2444.4852505627296,31.479570908470823
2445.9026234976686,32.53107080698488
2447.3199964326077,33.578618645841836
2448.7373693675468,34.588527247003164
2450.154742302486,35.53536799815225
2451.5721152374244,36.40187146705667
2452.9894881723635,37.17795776159816
2454.4068611073026,37.85920390049654
2455.8242340422416,38.44512294948517
2457.2416069771807,38.93757179759813
2458.65897991212,39.33947969248809
2460.076352847059,39.653962331761875
2461.493725781998,39.88379485760174
2462.911098716937,40.031170310384105
2464.3284716518756,40.097658632647494
2465.7458445868147,40.084290528458645
2467.1632175217537,39.99170800789085
2468.580590456693,39.82034156644116
2469.997963391632,39.57058904374169
2471.415336326571,39.24298229268075
2472.83270926151,38.83833521848995
2474.2500821964486,38.35787134614746
2475.667455131388,37.80333170614185
2477.0848280663267,37.17706521124383
2478.502201001266,36.48210436721762
2479.919573936205,35.72222949975375
2481.336946871144,34.902024959467006
2482.754319806083,34.02693119492444
2484.171692741022,33.10329735053633
2485.589065675961,32.13844036980386
2487.0064386108997,31.140718764804596
2488.4238115458393,30.119632703681475
2489.841184480778,29.085967573687714
2491.258557415717,28.052006755632608
2492.675930350656,27.031852390721152
2494.093303285595,26.04191149654234
2495.510676220534,25.101626357018695
2496.928049155473,24.234533878356267
2498.3454220904123,23.469649271999234
2499.762795025351,22.842703591838998
2501.1801679602904,22.395054210060266
2502.597540895229,22.163058597844714
2504.014913830168,22.140612666044728
2505.432286765107,22.197010992948595
2506.8496597000462,22.010551828431325
2508.2670326349853,21.248579035428172
2509.6844055699244,19.99025266868657
2511.1017785048634,18.71343756401024
2512.519151439802,17.795255711432574
2513.9365243747416,17.31152734882859
2515.35389730968,17.18607688927112
2516.7712702446192,17.328601099726676
2518.1886431795583,17.673659944511208
2519.6060161144974,18.17817452319101
2521.0233890494364,18.813194623565494
2522.4407619843755,19.558121739698137
2523.8581349193146,20.397395705071546
2525.275507854253,21.31865341641111
2526.6928807891927,22.311679207893118
2528.1102537241313,23.367780670347546
2529.5276266590704,24.4794032117202
2530.9449995940095,25.639886656135506
2532.3623725289485,26.8433109864004
2533.7797454638876,28.084400073071876
2535.1971183988267,29.358463601005393
2536.6144913337657,30.661363784505088
2538.0318642687043,31.989497293475516
2539.4492372036434,33.33978521181358
2540.8666101385825,34.70966534315661
2542.2839830735215,36.097082026890554
2543.7013560084606,37.50046895691903
2545.1187289433997,38.91872036355699
2546.5361018783387,40.351145337173435
2547.953474813278,41.79739902291245
2549.370847748217,43.257382861985434
2550.7882206831555,44.731103953062494
2552.2055936180946,46.21848092584311
2553.6229665530336,47.719080467098046
2555.0403394879727,49.23176490770337
2556.4577124229118,50.75422728899817
2557.875085357851,52.282386477618054
2559.29245829279,53.80961177894124
2560.709831227729,55.32574481434065
2562.127204162668,56.81588679319305
2563.5445770976066,58.258922012129226
2564.9619500325457,59.62575366123607
2566.3793229674848,60.87723837806451
2567.796695902424,61.96183491163074
2569.214068837363,62.81307567006507
2570.631441772302,63.347248798547135
2572.048814707241,63.46239660398497
2573.4661876421796,63.041285759261164
2574.883560577119,61.963629889821235
2576.300933512058,60.1355646471062
2577.718306446997,57.54291310773628
2579.135679381936,54.32114173392891
2580.553052316875,50.80636936997513
2581.970425251814,47.509037334499496
2583.387798186753,44.97208139067857
2584.805171121692,43.549277350702006
2586.222544056631,43.24614078136534
2587.6399169915703,43.782863179591246
2589.057289926509,44.808921741718365
2590.474662861448,46.05208568240444
2591.892035796387,47.34630816906424
2593.309408731326,48.60538088517535
2594.726781666265,49.79180495010325
2596.1441546012043,50.8948155151887
2597.5615275361433,51.917252722152085
2598.978900471082,52.8683139663142
2600.3962734060215,53.759743070032926
2601.81364634096,54.6038959200067
2603.231019275899,55.4127710176326
2604.648392210838,56.19748996761705
2606.0657651457773,56.9679379790536
2607.4831380807163,57.73239788563317
2608.9005110156554,58.49707934727745
2610.3178839505945,59.265487079234454
2611.735256885533,60.037607801938
2613.1526298204726,60.808939752917375
2614.570002755411,61.56945209610337
2615.9873756903503,62.302649489923986
2617.4047486252894,62.985021989556316
2618.8221215602284,63.586252965220986
2620.2394944951675,64.07058031314763
2621.6568674301066,64.39958314840932
2623.0742403650456,64.5363431763022
2624.4916132999842,64.45044079454614
2625.9089862349238,64.12276217394734
2627.3263591698624,63.54888394880878
2628.7437321048014,62.74007214880045
2630.1611050397405,61.72163891991164
2631.5784779746796,60.52922505969251
2632.9958509096186,59.20412057007317
2634.4132238445577,57.788789904789446
2635.830596779497,56.32341542465544
2637.2479697144354,54.843767195528606
2638.6653426493745,53.3802850253894
2640.0827155843135,51.95802549547937
2641.5000885192526,50.59706760655157
2642.9174614541917,49.31301321151634
2644.3348343891307,48.11728751179566
2645.75220732407,47.016984634015024
2647.169580259009,46.01397670715878
2648.586953193948,45.10290057290411
2650.0043261288865,44.26755050334091
2651.4216990638256,43.475681749572324
2652.8390719987647,42.67511418418747
2654.2564449337037,41.8025795800259
2655.673817868643,40.82601788261301
2657.091190803582,39.81173249955425
2658.508563738521,38.92053954642226
2659.92593667346,38.27908483324968
2661.343309608399,37.88942256052155
2662.7606825433377,37.67695528948906
2664.1780554782767,37.56371366240838
2665.595428413216,37.494730950050595
2667.012801348155,37.43562768248777
2668.430174283094,37.36486845462937
2669.847547218033,37.26817137964785
2671.264920152972,37.13543300544442
2672.6822930879107,36.95921166613321
2674.09966602285,36.73401366590082
2675.517038957789,36.455955480365404
2676.934411892728,36.12258812333909
2678.351784827667,35.73278374247879
2679.769157762606,35.28664112773819
2681.186530697545,34.78539389293774
2682.603903632484,34.231317616057304
2684.0212765674232,33.62763774539279
2685.438649502362,32.97844228466129
2686.8560224373014,32.288603923878505
2688.27339537224,31.56371618647712
2689.690768307179,30.810047611059716
2691.108141242118,30.03451695333207
2692.525514177057,29.244690574705555
2693.9428871119962,28.448799941432394
2695.3602600469353,27.655771428032516
2696.7776329818744,26.875250885168388
2698.195005916813,26.117590053000008
2699.6123788517525,25.393740392690937
2701.029751786691,24.714976074478276
2702.44712472163,24.092354990679233
2703.8644976565693,23.535851400850902
2705.2818705915083,23.053187823558645
2706.6992435264474,22.648559939595238
2708.1166164613865,22.321614558170634
2709.5339893963255,22.06706936900002
2710.951362331264,21.875170711202603
2712.368735266203,21.732870165223904
2713.7861082011423,21.62538053161089
2715.2034811360813,21.537768864005752
2716.6208540710204,21.45638860115983
2718.0382270059595,21.370095854258395
2719.4555999408985,21.271247392011837
2720.8729728758376,21.1564382997762
2722.2903458107767,21.026854979555107
2723.7077187457153,20.888075280469216
2725.1250916806544,20.749284480479528
2726.5424646155934,20.622474676347533
2727.9598375505325,20.52379015169459
2729.3772104854716,20.482590716458066
2730.7945834204106,20.569200513213673
2732.2119563553497,20.952409530831268
2733.6293292902888,21.95209416291629
2735.046702225228,23.916773309695117
2736.4640751601664,26.87235409728124
2737.8814480951055,30.440010368913633
2739.2988210300446,34.156218654136836
2740.7161939649836,37.72391659221497
2742.1335668999227,41.03602606063127
2743.5509398348618,44.09476897442969
2744.968312769801,46.938904025902175
2746.38568570474,49.60761652420619
2747.803058639679,52.129399520012896
2749.2204315746176,54.521638376609545
2750.6378045095566,56.793238070323966
2752.0551774444957,58.94738476949793
2753.472550379435,60.983669844542355
2754.889923314374,62.89954651910671
2756.307296249313,64.6912756096394
2757.724669184252,66.35452197499826
2759.142042119191,67.88472524714832
2760.55941505413,69.27733003190093
2761.9767879890687,70.52793184997618
2763.394160924008,71.6323754720148
2764.811533858947,72.58682965261482
2766.228906793886,73.38785436266767
2767.646279728825,74.03247181952295
2769.063652663764,74.51824983561198
2770.481025598703,74.84340457700921
2771.898398533642,75.00692936601888
2773.3157714685813,75.00875651217159
2774.73314440352,74.8499603245232
2776.150517338459,74.53301162936202
2777.567890273398,74.06209769079757
2778.985263208337,73.44352711865866
2780.402636143276,72.68624836013147
2781.820009078215,71.80252476503335
2783.2373820131543,70.80883253092537
2784.6547549480933,69.72708630267238
2786.0721278830324,68.58636206107097
2787.489500817971,67.42539903211761
2788.90687375291,66.29636146077692
2790.324246687849,65.27070525563262
2791.741619622788,64.44868038453068
2793.1589925577273,63.975325073400754
2794.5763654926664,64.06839755650977
2795.9937384276054,65.06858050994006
2797.4111113625445,67.5296555473334
2798.8284842974836,72.36206345452132
2800.245857232422,80.89252917588126
2801.6632301673612,93.48015641623911
2803.0806031023003,101.37578711787599
2804.4979760372394,87.68077457675423
2805.9153489721784,66.07259898568809
2807.3327219071175,51.45268827105286
2808.7500948420566,43.31661421903097
2810.167467776995,39.06754903551316
2811.5848407119342,37.05592717678258
2813.0022136468733,36.36671722221618
2814.4195865818124,36.484879434888256
2815.8369595167514,37.10559460526638
2817.2543324516905,38.03764621848802
2818.6717053866296,39.15447990458225
2820.0890783215686,40.36866826901159
2821.5064512565077,41.61792932214628
2822.9238241914463,42.857023492052164
2824.3411971263854,44.05278119502601
2825.7585700613245,45.18088714014987
2827.1759429962635,46.2237027130275
2828.5933159312026,47.16873093513234
2830.0106888661417,48.00749546539763
2831.4280618010807,48.73469592489161
2832.84543473602,49.34755367653249
2834.262807670959,49.84529303030614
2835.6801806058975,50.228721775520896
2837.0975535408365,50.499886841287726
2838.5149264757756,50.66178850266999
2839.9322994107147,50.718141499005576
2841.3496723456537,50.67317469476908
2842.767045280593,50.53146310304306
2844.184418215532,50.297787593729566
2845.601791150471,49.977018670450946
2847.01916408541,49.574021481474304
2848.4365370203486,49.09357983498401
2849.8539099552877,48.54033748623043
2851.2712828902268,47.918755399959494
2852.688655825166,47.2330840993582
2854.106028760105,46.48735061920131
2855.523401695044,45.68536001146877
2856.940774629983,44.830711835779475
2858.358147564922,43.92683264371971
2859.775520499861,42.97702619202457
2861.1928934347998,41.98454407929781
2862.610266369739,40.95268082284723
2864.027639304678,39.88489927130644
2865.445012239617,38.78499497770198
2866.862385174556,37.657312165533895
2868.279758109495,36.50702980127651
2869.697131044434,35.340544761454844
2871.1145039793732,34.165990708650234
2872.5318769143123,32.99394539355828
2873.949249849251,31.838390504047968
2875.36662278419,30.717978235864926
2876.783995719129,29.65757331983559
2878.201368654068,28.68974450903985
2879.618741589007,27.855114604559407
2881.0361145239463,27.198978181023556
2882.4534874588853,26.75992996944425
2883.8708603938244,26.54762262564453
2885.2882333287635,26.516231086667386
2886.705606263702,26.554592572983005
2888.122979198641,26.514661391627104
2889.54035213358,26.273529071651286
2890.9577250685193,25.78927522846625
2892.3750980034583,25.108765761024735
2893.7924709383974,24.328373697259742
2895.2098438733365,23.5457542891082
2896.6272168082755,22.83241913095131
2898.0445897432146,22.229341060083357
2899.461962678153,21.754722080623058
2900.8793356130923,21.414746623227007
2902.2967085480313,21.213170705389405
2903.7140814829704,21.158555078513018
2905.1314544179095,21.26853059171979
2906.5488273528485,21.569642698306197
2907.9662002877876,22.090805483254112
2909.383573222726,22.8512678350155
2910.8009461576653,23.85021660318358
2912.2183190926044,25.06603470152359
2913.6356920275434,26.464346009441048
2915.0530649624825,28.007304986304604
2916.4704378974216,29.65935090404668
2917.8878108323606,31.389471195195288
2919.3051837672997,33.171620796742395
2920.7225567022388,34.98450835285019
2922.1399296371774,36.811300181086025
2923.5573025721164,38.6394255499753
2924.9746755070555,40.460526458806285
2926.3920484419946,42.270560090662556
2927.8094213769336,44.07006549918102
2929.2267943118727,45.86462158573429
2930.644167246812,47.665543530118605
2932.061540181751,49.49088919016683
2933.47891311669,51.36687723526256
2934.8962860516285,53.32985563765578
2936.3136589865676,55.42899799747896
2937.7310319215067,57.729924914574056
2939.1484048564457,60.31938020559767
2940.565777791385,63.31073995311732
2941.983150726324,66.84895193540882
2943.400523661263,71.11005410554164
2944.817896596202,76.2811687384894
2946.235269531141,82.4847249389558
2947.6526424660797,89.57059888445123
2949.0700154010187,96.69039399231335
2950.487388335958,101.85168926745544
2951.904761270897,102.49822257434268
2953.322134205836,97.81137851652208
2954.739507140775,89.85806998664444
2956.156880075714,81.47428225154773
2957.574253010653,74.30338654346254
2958.991625945592,68.78762100805798
2960.408998880531,64.79337727254625
2961.82637181547,62.02319053565264
2963.243744750409,60.183274377468464
2964.661117685348,59.03076400139762
2966.078490620287,58.376765650123076
2967.495863555226,58.07701921118838
2968.913236490165,58.021280722586404
2970.3306094251043,58.124561852005264
2971.7479823600434,58.320633744788736
2973.165355294982,58.557417600502376
2974.582728229921,58.793763998402895
2976.00010116486,58.997198342927554
2977.417474099799,59.14231953483726
2978.8348470347382,59.209634412378364
2980.2522199696773,59.18468204995261
2981.6695929046164,59.05735210670364
2983.0869658395554,58.82133514381024
2984.5043387744945,58.47366487174097
2985.921711709433,58.01432629299023
2987.339084644372,57.445912308756284
2988.7564575793112,56.77331639932684
2990.1738305142503,56.00345171840474
2991.5912034491894,55.14498818554622
2993.0085763841284,54.208099432659246
2994.4259493190675,53.20421104586302
2995.8433222540066,52.14574055854372
2997.260695188945,51.04581809051532
2998.6780681238843,49.91797433124424
3000.0954410588233,48.77577973646576
3001.5128139937624,47.63241567885624
3002.9301869287015,46.500156084689884
3004.3475598636405,45.38974002898115
3005.7649327985796,44.30962908732802
3007.1823057335187,43.26518208053025
3008.5996786684577,42.257867440645384
3010.0170516033963,41.28479758743775
3011.4344245383354,40.33911659678478
3012.8517974732745,39.41201777885567
3014.2691704082135,38.49713386162924
3015.6865433431526,37.59724969686466
3017.1039162780917,36.73143081796278
3018.5212892130307,35.93846639155136
3019.93866214797,35.272203290647
3021.3560350829084,34.78805316732154
3022.7734080178475,34.526452287343645
3024.1907809527866,34.50254909726518
3025.6081538877256,34.707060251170624
3027.0255268226647,35.114943580242716
3028.4428997576038,35.69495139966075
3029.860272692543,36.41587623491589
3031.277645627482,37.24919839521168
3032.695018562421,38.16953299827381
3034.1123914973596,39.1541875627376
3035.5297644322986,40.18257031198021
3036.9471373672377,41.23574700114449
3038.3645103021768,42.2962121714707
3039.781883237116,43.347844828517935
3041.199256172055,44.37598845156668
3042.616629106994,45.367592191975156
3044.034002041933,46.311357233381756
3045.451374976872,47.19784346752308
3046.8687479118107,48.01950494337103
3048.28612084675,48.77063704671564
3049.703493781689,49.447232968231475
3051.120866716628,50.04676028570754
3052.538239651567,50.56787893485938
3053.955612586506,51.01012834580943
3055.372985521445,51.37361361389339
3056.790358456384,51.658718539231984
3058.2077313913233,51.86586811441984
3059.625104326262,51.995355819207916
3061.042477261201,52.047243199618144
3062.45985019614,52.02133177764077
3063.877223131079,51.917201135672805
3065.294596066018,51.734302461832144
3066.711969000957,51.472094022795076
3068.1293419358963,51.13020380993659
3069.5467148708353,50.708604700804194
3070.9640878057744,50.207788549315396
3072.381460740713,49.62892732079987
3073.798833675652,48.974011413602945
3075.216206610591,48.245957402206436
3076.63357954553,47.44867940153391
3078.0509524804693,46.58711994922769
3079.4683254154083,45.66723764683043
3080.8856983503474,44.695949759978184
3082.3030712852865,43.681028584275325
3083.720444220225,42.63095076912538
3085.137817155164,41.554699271797695
3086.555190090103,40.46151886619274
3087.9725630250423,39.360629539760005
3089.3899359599814,38.260910344853166
3090.8073088949204,37.17058397212763
3092.2246818298595,36.09696606971237
3093.6420547647986,35.04639797638892
3095.0594276997376,34.024546214892624
3096.4768006346762,33.03726930666074
3097.8941735696153,32.09208760646938
3099.3115465045544,31.199797403725658
3100.7289194394934,30.375086745488158
3102.1462923744325,29.634907979230626
3103.5636653093716,28.994700129500547
3104.9810382443106,28.464607949302703
3106.3984111792497,28.048228998618132
3107.815784114189,27.744365239564022
3109.2331570491274,27.550130139711705
3110.6505299840665,27.463584726133124
3112.0679029190055,27.485158127036705
3113.4852758539446,27.61798676014143
3114.9026487888837,27.867557423239376
3116.3200217238227,28.240962996092854
3117.737394658762,28.745965325236316
3119.154767593701,29.38999405189479
3120.5721405286395,30.17917030192213
3121.9895134635785,31.117399057836614
3123.4068863985176,32.2055225550433
3124.8242593334567,33.440492366306145
3126.2416322683957,34.814523655575705
3127.659005203335,36.314248182507946
3129.076378138274,37.91997097186234
3130.493751073213,39.60523410820561
3131.911124008152,41.336965504938746
3133.3284969430906,43.0764983273309
3134.7458698780297,44.78164568951255
3136.1632428129687,46.40978594471431
3137.580615747908,47.92159234618793
3138.997988682847,49.28473517136017
3140.415361617786,50.47674396459061
3141.832734552725,51.48635072038839
3143.250107487664,52.31302487467053
3144.667480422603,52.96490475923731
3146.0848533575418,53.45572368850881
3147.502226292481,53.80148681376457
3148.91959922742,54.01757217554871
3150.336972162359,54.11670101512291
3151.754345097298,54.10796601409141
3153.171718032237,53.99690066815139
3154.589090967176,53.78644186555975
3156.0064639021152,53.47856523863723
3157.4238368370543,53.076330149750405
3158.841209771993,52.586036179084914
3160.258582706932,52.01916014398208
3161.675955641871,51.39372408048885
3163.09332857681,50.73476434506037
3164.510701511749,50.07365530358198
3165.9280744466882,49.44620113252782
3167.3454473816273,48.88963606013848
3168.7628203165664,48.438928789502256
3170.1801932515054,48.12300657745746
3171.597566186444,47.96161791058618
3173.014939121383,47.9634681703738
3174.432312056322,48.12597292794364
3175.8496849912613,48.436558347703524
3177.2670579262003,48.875059554714056
3178.6844308611394,49.41657871640565
3180.1018037960785,50.034210644841075
3181.5191767310175,50.701248948234536
3182.936549665956,51.39272547736018
3184.353922600895,52.08631820206521
3185.7712955358343,52.76275824913665
3187.1886684707733,53.405890844363576
3188.6060414057124,54.00252735837295
3190.0234143406515,54.54219217400129
3191.4407872755905,55.01683402340889
3192.8581602105296,55.4205434173455
3194.2755331454687,55.749297180484064
3195.6929060804073,56.000736855752095
3197.1102790153464,56.17397801473715
3198.5276519502854,56.26944046974425
3199.9450248852245,56.28868343314028
3201.3623978201636,56.23422351486553
